"name","BPD19H00_BB078_CD3-CD8+.fcs.density.fcs.cluster.fcs.anno.Rsave","BPD19H00_BB231_CD3-CD8+.fcs.density.fcs.cluster.fcs.anno.Rsave","BPD19H00_BC641_CD3-CD8+.fcs.density.fcs.cluster.fcs.anno.Rsave","BPD19H00_BD620_CD3-CD8+.fcs.density.fcs.cluster.fcs.anno.Rsave","PBD00H00_BB078_CD3-CD8+.fcs.density.fcs.cluster.fcs.anno.Rsave","PBD00H00_BB231_CD3-CD8+.fcs.density.fcs.cluster.fcs.anno.Rsave","PBD00H00_BD620_CD3-CD8+.fcs.density.fcs.cluster.fcs.anno.Rsave","PBD00H03_BB078_CD3-CD8+.fcs.density.fcs.cluster.fcs.anno.Rsave","PBD00H03_BB231_CD3-CD8+.fcs.density.fcs.cluster.fcs.anno.Rsave","PBD00H03_BC641_CD3-CD8+.fcs.density.fcs.cluster.fcs.anno.Rsave","PBD00H06_BB078_CD3-CD8+.fcs.density.fcs.cluster.fcs.anno.Rsave","PBD00H06_BB231_CD3-CD8+.fcs.density.fcs.cluster.fcs.anno.Rsave","PBD00H06_BC641_CD3-CD8+.fcs.density.fcs.cluster.fcs.anno.Rsave","PBD00H06_BD620_CD3-CD8+.fcs.density.fcs.cluster.fcs.anno.Rsave","PBD01H00_BB078_CD3-CD8+.fcs.density.fcs.cluster.fcs.anno.Rsave","PBD01H00_BB231_CD3-CD8+.fcs.density.fcs.cluster.fcs.anno.Rsave","PBD01H00_BC641_CD3-CD8+.fcs.density.fcs.cluster.fcs.anno.Rsave","PBD01H00_BD620_CD3-CD8+.fcs.density.fcs.cluster.fcs.anno.Rsave","PBD03H00_BB078_CD3-CD8+.fcs.density.fcs.cluster.fcs.anno.Rsave","PBD03H00_BB231_CD3-CD8+.fcs.density.fcs.cluster.fcs.anno.Rsave","PBD03H00_BD620_CD3-CD8+.fcs.density.fcs.cluster.fcs.anno.Rsave","PPD00H00_BB078_CD3-CD8+.fcs.density.fcs.cluster.fcs.anno.Rsave","PPD00H00_BB231_CD3-CD8+.fcs.density.fcs.cluster.fcs.anno.Rsave","PPD00H00_BD620_CD3-CD8+.fcs.density.fcs.cluster.fcs.anno.Rsave","PPD00H03_BB078_CD3-CD8+.fcs.density.fcs.cluster.fcs.anno.Rsave","PPD00H03_BB231_CD3-CD8+.fcs.density.fcs.cluster.fcs.anno.Rsave","PPD00H03_BC641_CD3-CD8+.fcs.density.fcs.cluster.fcs.anno.Rsave","PPD00H03_BD620_CD3-CD8+.fcs.density.fcs.cluster.fcs.anno.Rsave","PPD00H06_BB078_CD3-CD8+.fcs.density.fcs.cluster.fcs.anno.Rsave","PPD00H06_BB231_CD3-CD8+.fcs.density.fcs.cluster.fcs.anno.Rsave","PPD00H06_BC641_CD3-CD8+.fcs.density.fcs.cluster.fcs.anno.Rsave","PPD01H00_BB078_CD3-CD8+.fcs.density.fcs.cluster.fcs.anno.Rsave","PPD01H00_BB231_CD3-CD8+.fcs.density.fcs.cluster.fcs.anno.Rsave","PPD01H00_BC641_CD3-CD8+.fcs.density.fcs.cluster.fcs.anno.Rsave","PPD01H00_BD620_CD3-CD8+.fcs.density.fcs.cluster.fcs.anno.Rsave","PPD03H00_BB078_CD3-CD8+.fcs.density.fcs.cluster.fcs.anno.Rsave","PPD03H00_BB231_CD3-CD8+.fcs.density.fcs.cluster.fcs.anno.Rsave","PPD03H00_BC641_CD3-CD8+.fcs.density.fcs.cluster.fcs.anno.Rsave","PPD14H00_BB078_CD3-CD8+.fcs.density.fcs.cluster.fcs.anno.Rsave","PPD14H00_BB231_CD3-CD8+.fcs.density.fcs.cluster.fcs.anno.Rsave","PPD14H00_BC641_CD3-CD8+.fcs.density.fcs.cluster.fcs.anno.Rsave","PPD14H00_BD620_CD3-CD8+.fcs.density.fcs.cluster.fcs.anno.Rsave"
1,0.0504833217598102,0.0614544987600602,0.0994781456957369,0.196739029179252,0.0959033939569082,-0.0449391290017272,0.381405786416349,0.100562429751884,0.0556513120686957,0.212570608524083,0.166454230442625,NA,-0.0851309423711693,NA,0.0163626242274086,-0.0529753782089857,-0.128838986503294,0.0267146013590198,0.0616847648270507,0.083951328728833,0.0714621173560309,0.0788860971008651,NA,0.152889710505432,0.000709259823103845,NA,-0.064098171153458,NA,0.0137776069059492,NA,-0.0808134610954886,0.00760290152574688,-0.106070645871211,-0.0279120402445038,0.143936221766564,-0.0198890894673798,-0.00953889104906788,0.788051576606973,0.0398903487081185,-0.0213889293750245,0.0918529534359472,0.0482372622182752
2,-0.013788401771861,-0.0272428608941988,-0.00908354322703631,0.327041747780673,0.102061085257096,0.0602383201064251,0.362433058709852,0.0344594225680532,-0.0968526602499472,0.047748200225325,-0.138162218981786,NA,-0.0334218057569545,NA,0.015584948595959,0.272963193733459,0.0593129334650988,0.0645891798594156,0.0134672864019184,-0.011632617471658,0.257765533506651,0.00401246402351694,-0.112872827765601,0.209959415157049,0.0155470008940943,-0.147709246648385,0.109482250226245,-0.133460454112713,-0.0398592568246358,-0.0372842856637517,-0.0180828081707737,-0.0454643338678511,-0.0375256943872588,-0.0461335850675457,0.0581330789637744,-0.0297547570285247,-0.0401841064754196,-0.0341391316292068,-0.0346003039029113,-0.0363999089773995,-0.0285218332247868,0.119231239631531
3,-0.00102386475347218,-0.0329454935961468,-0.0341319297105157,0.211076162474966,0.00914264053773874,-0.0437730730890933,0.134306836704821,-0.0233186560636753,-0.0243900083249924,0.142267712694639,-0.000456926246319739,0.304916846399509,-0.0162546018418979,-0.0157209134435711,-0.0210345696918858,-0.0420923027689303,-0.0379936297446025,0.0737662180366628,0.000604420025353051,-0.0337766225585366,0.0548028118545329,-0.0193772408508134,-0.12354966057185,0.145852609445874,-0.0227094978492617,-0.0990481070376634,-0.0965383443977346,0.00710191258167645,-0.0675092213183661,-0.124092937763732,-0.0854052108820855,-0.0241171461443922,-0.0609942329939253,-0.075503875758156,-0.00915949100688262,-0.0180721335068266,-0.0315852961509762,-0.0503496792741077,-0.0328299579745508,-0.0494436842298781,-0.0369201939626117,0.0559024716607849
4,0.275835032785378,0.248552387610309,0.205956117307881,0.553479200785761,0.352540514760646,0.316517483082094,0.537149750171885,0.350967681409221,0.219596579621864,0.591979260526659,0.34092614773035,0.329036897747102,0.292956578847215,0.393423403389274,0.309474019245963,0.272769184269071,0.394620311794769,0.442028410069385,0.441319956998597,0.341058393231673,0.453243442892767,0.1698867261692,0.202350783440933,0.487390477468176,0.178309153316384,0.149378056159237,0.0829189428106722,0.188606849322931,0.235278482678467,0.143012476930765,0.147502701883518,0.14441319215321,0.325206111529352,0.160736457223946,0.227212213915343,0.19556027859282,0.260722473708033,0.131846195762457,0.168915301999238,0.147585239318087,0.0625749909242081,0.289503674152392
5,4.01299734309125,4.36537636326145,3.09596892909951,4.31203205223492,4.00017926970264,3.63718251425622,4.31339000641287,3.97906379688355,3.2255340562382,3.30066594862646,3.30437853343422,3.14428347923819,3.15909803827629,3.60253165299428,3.71835573717916,3.16967561589542,2.49113448546312,3.72359050227852,3.93244471581161,3.14773909480554,3.92010354228412,3.72290147532582,3.87953107834405,3.87506353056591,3.6252724648897,3.45374623888934,3.11203958284892,4.00570796995456,4.12519657846098,3.59807432345145,2.92962046960268,3.80051902694427,3.66438056337853,3.38763071843954,4.05629138203731,3.66993322581709,3.4080747236589,2.33884980971819,3.73268567621579,3.191684902549,2.58834654446262,4.12692410040667
6,0.0437064779486226,0.0726216122324056,0.0176966626174057,0.182107279995224,0.0749644635314674,-0.0354767284506008,0.312638735675651,0.0156410346383377,-0.0273357082380303,0.220500803888249,0.0619488898379747,-0.192403428353083,NA,0.63669232903434,0.0117364431652755,0.0253311573598871,0.102809656611588,0.0282610012983842,0.0299648362415765,0.0479652968405725,0.0756795693096446,0.0217861986155067,0.0319992587391992,0.0900634608447152,0.0201353160957174,-0.162438785042251,-0.0599546953367433,-0.059022477979432,-0.0196116109518111,NA,0.155204429523147,-0.027879531893668,-0.0882246923443493,-0.0258347829156122,-0.00594456028685694,-0.0136588558253545,0.051085356877638,0.016201266672967,-0.0117288284509542,-0.0315506145891661,-0.00600838165528137,0.10541563408044
7,0.117952680328836,0.171584858676228,0.0991146014139298,0.507359271098477,0.195262126234197,0.304502303402681,0.467307105774038,0.282119312507291,0.0701035560874535,0.345076295916594,0.153725245589255,0.15758283377651,0.209231303704818,0.146398059041993,0.146179530543669,0.140176585142764,0.238227325182594,0.288411383297898,0.17284505556965,0.20501531752438,0.299089875038097,0.10940625688914,0.0862112197779392,0.294259376013433,0.0921418944588529,0.025161427623091,0.0916901142913939,0.142721293321426,0.0455305337826227,0.020790129749764,0.0836432952188283,0.098788403180018,-0.0227213486654059,0.121602480018019,0.148349775114699,0.112598697483501,0.102664729225839,0.0520938959255043,0.0919661470234914,0.0625321837704756,0.0196956849466551,0.185101477516386
8,0.0347731632954964,0.0357151898243544,-0.0323647767188337,0.284553859854893,0.0737311667921787,0.117631217247134,0.192501402523927,0.0595106769647923,0.148494424890396,0.30995152761112,0.0173850987629888,NA,0.0334011017199578,NA,0.0191340922375864,0.00542088699752658,-0.0227675403334975,0.176763339344686,0.0748016630725445,0.0774559894206071,0.069522258142495,0.0374296336135357,0.185622146054299,0.623186885790426,0.0811444358668713,NA,0.108851520856973,NA,-0.032386175646153,NA,NA,-0.057020844184335,0.00539521304476334,0.0422175604182225,0.482399979700078,-0.0160988797512687,0.57184971674301,0.429645612531791,-0.0105483863098208,-0.121902206095975,NA,0.0173764574329981
9,0.0148374699644282,-0.0146176356082526,-0.000588089637440045,0.215281842371019,0.0475924934306038,-0.00320497463321694,0.0935723155212997,0.0676663734716358,0.026885346087716,0.269862486035526,0.00274070083711366,-0.0234348301688376,-0.0717586257697304,0.00807815756093362,0.0131859027952272,0.0246313810017551,-0.0236163537805951,0.175455117972543,0.059722442864401,-0.00738174895076201,0.0442258410555515,-0.0232032360150288,-0.0483678524324017,0.126701346163669,-0.0398063996409849,-0.0146053217783377,-0.0797886258460869,0.16325903930245,-0.0522494087117679,-0.0265505457688779,-0.0344974532673928,-0.0863433149746326,-0.0764259585653882,-0.0783420159588344,-0.0341906060448684,-0.0092490331966483,-0.00734875829701742,-0.0662726771299689,-0.0220708659192781,-0.0468230348297779,-0.0181663646982755,0.129048812393656
10,0.0811498067460971,0.125431440744115,0.387615256584184,0.378101653865304,0.122432357048427,0.0717608519500819,0.321676660702045,0.118254655985118,0.093736943631116,0.299965511591482,0.183245523656276,NA,0.577169565831457,0.343436833240812,0.0492366879514858,0.32684684833374,0.0939106650801202,-0.0857499705262771,0.11125060813805,0.109230425826784,0.0945640942913291,0.133635499381953,-0.080248297697425,NA,0.180548223618775,NA,-0.156232164187549,-0.0732475384398566,0.073693529687905,-0.0405902802564371,0.30045547132949,0.146560882284926,NA,NA,-0.11089890169761,0.0665819833199113,-0.0524262623705264,-0.159378876418879,0.0299905078341338,-0.00700850188143531,0.283417561176395,0.11863096772398
11,0.0240901736972926,-0.00870032696016394,-0.0206500829379125,0.313822280883658,0.0526124429103712,0.0322083543393784,0.161273078946219,0.036537128939306,-0.0161449099621358,0.136759725114587,-0.0523081788694777,0.0135441493308601,-0.0321404699863978,0.0598675908147407,0.0309242466489461,0.00845516232761575,-0.00838815716943646,0.0422736609053454,0.0438934599738384,-0.0146756648030249,0.115610453687589,0.0621692112385293,-0.013341914659697,0.23834262666617,0.00282220614824869,-0.0797495720308227,-0.0263786508749918,-0.0829292003609474,0.00813100549155001,-0.107898288211664,0.0236908096324394,-0.00162243782787302,-0.0689129815053512,-0.0491595825020516,-0.0214810988578541,-0.0164916579711094,-0.00254682530063716,-0.0266007566927437,-0.00764830404382016,-0.0270034843102172,-0.0199435353552782,0.0573478066221968
12,0.387652437467358,0.326125876754019,0.2968254303458,0.711417993290825,0.414913589153791,0.471542472363124,0.627236877416888,0.439819355684835,0.394891597497007,0.564755807192909,0.514007906212837,0.435840414830109,0.367761714165619,0.641549019899307,0.379939470187603,0.355571801949562,0.469501605915415,0.554970731043196,0.520598395049025,0.407739798102483,0.502717433515928,0.350721736692387,0.22294150610228,0.164051153110006,0.390580073177629,0.0374914366238781,0.242934542951891,0.123934230223415,0.24924975433231,0.0291419145098911,0.215090952542355,0.243826982894146,-0.103310807007941,0.0835943046811028,0.507857103860603,0.221254530697764,0.0578313989623681,0.282209286266245,0.228903304385626,NA,0.30735931032826,0.417051954065672
13,0.375232166179989,0.224970447232145,0.373342422728447,0.491660771718158,0.385143263558371,0.393850818076813,0.542964306103364,0.383371410498235,0.221059689544795,0.523995812596698,0.331382548242447,0.293718000889133,0.374662638255067,0.452482092663336,0.337127733943275,0.27352249513422,0.384557538923621,0.460368738693226,0.465690277849791,0.294106715287778,0.497993950790352,0.14757516557145,0.30576676334871,0.240821846557308,0.322887240721302,0.0600952583168764,0.196312082015802,0.132775317296686,0.382799672208923,0.158655319477015,0.493859588617667,0.268990833074755,NA,0.253655471511863,0.4678603212294,0.254848363985099,1.25874960401023,0.114937321524647,0.231904254707411,0.499661568148089,0.291462411343392,0.617905330624073
14,0.314680974748983,0.5044402136046,0.525325293300425,0.56221275043765,0.488211306559952,0.361955429637478,0.47480785833562,0.412626256261776,0.287866419321819,0.660650938026109,0.49846586309178,0.257108096608997,0.467436997679717,0.530082419584973,0.380468848624223,0.373255673553125,0.499069830783691,0.483522719639664,0.464344632731686,0.455513718071742,0.49656246094762,0.584663833537118,0.141122552175574,0.703691328903036,0.427016246166907,0.0496067145915736,0.398007631275098,0.368623804478203,0.374210790870035,0.263086550838697,0.557710247694655,0.331712245732223,0.0737511515011853,0.663474844650527,0.297641384024052,0.406240099127172,0.631074939784526,0.292801043661468,0.390742048899491,0.015038595478197,0.0522318717356415,0.599182952902489
15,3.67859950860373,3.76237552335102,3.41866795183106,3.98175224282439,3.78778915391083,3.64359852083901,4.23952893167885,3.68096490132839,3.23786396326038,2.46948026366031,3.27989012053154,NA,2.67307853530802,3.46605678034104,3.59855062620076,2.8651452412321,2.70622931972082,3.7010134110506,3.62269118103663,3.0742919678917,3.83970718955828,3.79591966362068,3.99193822500351,3.79690004043838,4.49657516586351,NA,3.01871401626098,3.58657774758461,3.52635184204086,2.89314686746537,2.93892810754143,3.67078106959587,3.70558695935506,3.45458423097903,3.73688784526553,3.45800771887891,3.61620572918642,2.70756705451326,3.66643707558415,3.45195376342544,2.95768815364425,4.00749908609746
16,0.30893210925843,0.354832338103655,0.0987576431459663,0.612425042964084,0.361375908959081,0.351729545588158,0.537712562399221,0.33531229595763,0.211747254158096,0.577024901574055,0.351940093775444,0.236013349039288,0.306007645601226,0.417594736431615,0.322706855307316,0.266569515345841,0.266393691120337,0.397096972187481,0.426459987096901,0.285532593284359,0.424794860523093,0.324676324383671,0.207694613848256,0.163083481758062,0.148701365542709,0.123000978049545,0.0451490092397484,0.338349730841446,0.177795326055559,0.027205300046116,0.111996884334352,0.172740786445307,0.230400727876394,0.12534998762576,0.607713227079379,0.278826862079186,0.257697380756304,0.0689592743100604,0.185121089511424,0.273286912729886,0.131896644525578,0.180558263627139
17,4.91895309780349,4.49385681422862,3.76268020073833,5.15707569290438,5.16353454252572,2.99461589760428,5.67508125413444,5.45176195884025,4.03337267417614,3.92767145562919,4.54229029704886,1.89566461262633,4.23291625855089,4.22136493417639,4.37178018275833,2.86739792614455,3.7825326571229,3.67108596022836,5.04563342282269,3.37238486688026,4.65950776526186,4.53601495087526,3.5624548731399,3.35202617085019,4.68545091672801,5.08109246677937,4.38836406173806,4.37299100107419,5.29285170288674,4.347464002832,4.81224429469851,4.14985649000708,4.29529122350624,3.94423514234845,5.15233984919741,4.39976855382986,3.70384447578042,3.34175184338903,3.8379864093272,4.07226686115581,3.98940876946304,4.35154071581908
18,0.110819283826124,0.108366864726915,0.089713357112692,0.0976028566842634,0.147009366463466,0.141298736365308,0.273028442068596,0.144238560507311,0.110442807238925,0.297527732349382,0.0919396738374904,1.12456581665908,0.074390400828823,0.572077334468629,0.0880637246540253,0.258024821633454,0.040940553182017,NA,0.145686306265676,0.064105813703656,0.134966175937836,0.16801924380529,-0.0393021562034899,0.555422973383324,0.179310611661734,1.38414460445897,-0.0868499083269897,NA,0.104271864732389,-0.170483240696839,-0.132275452509833,0.081769176432954,NA,NA,-0.0724786454417379,0.102895820024636,-0.0736965114807221,NA,0.0830734768208405,-0.198068732429169,NA,-0.0306348018845096
19,0.367072834638165,0.348453408418718,0.212120328474712,0.617500211775544,0.530844257990482,0.384898312696291,0.456712714923965,0.253305684837707,0.336442667059563,0.438180860684167,0.530661305785959,0.174239349141441,0.217508323254793,0.428629843899222,0.292469139860957,0.27935340345577,0.363950279991032,0.381788851887312,0.458404649222076,0.312094650606168,0.4534824427342,0.201580317679697,0.0890454137856685,0.452855646193118,0.125693973058196,0.182625550649647,0.122434096372548,0.186403337821842,0.101183090143626,0.120343814212082,0.173913847068944,0.107545984653285,0.197483314468228,0.126636462750251,0.10760368156906,0.104001297533929,0.32520117349367,0.142619264611749,0.190142121990637,0.173945116515339,0.125520680987124,0.352468635679696
20,-0.0616099532055293,-0.0386910154610119,-0.0182159206710154,0.0259854397062199,-0.0632909800466673,-0.0114505627398301,0.111005194930634,NA,-0.0504470844064505,0.177921944883261,NA,NA,-0.0847989098839984,NA,-0.0898629068221347,0.212680063796363,-0.0302941131429896,-0.00128680374949042,-0.00778208864764907,-0.0684506317955731,-0.0505530477458383,0.126468680389326,NA,0.0826421360161402,NA,NA,0.034143818641234,NA,NA,NA,-0.106264293786525,-0.0309720362217297,-0.0625086734083508,-0.00498877294304279,-0.0732206964325915,-0.0282925534626469,-0.0783343216056255,-0.0339036927860201,-0.0604421654717832,-0.0344958729835893,-0.0429036410583153,0.119589555750369
21,0.237230242591667,0.19408897198375,0.359980544544454,0.365268791579586,0.328989831590825,0.228786685282089,0.464732810230828,0.306081680356043,0.187692000816703,0.600701555034886,0.315906134007305,0.223528229921987,0.291076105980081,0.401023912332169,0.28037734961935,0.240600880934097,0.319219963789191,0.310416270277565,0.398567863323637,0.226393651234788,0.366653903791871,0.202358235893177,0.111518666517736,0.550675674757024,0.240238447911293,0.114696142434123,0.0954615435563678,0.220096539630381,0.193365059053301,0.182147551495633,0.193246326014384,0.147032481219429,0.18371094523614,0.146348930451695,0.0764168537339117,0.153286091199046,0.183405418776672,0.126988854525093,0.23778732803103,0.28511954094607,0.136689618772957,0.294374010443357
22,0.0855529136576045,0.0798938857601632,0.191012479057601,0.349137739839964,0.0859471547207326,0.0528160436215695,0.32321297295914,0.213499797487582,0.148942939838684,0.0496802714324759,0.360376305514771,0.193141454310795,-0.106463583741819,0.102572169470025,0.0265294187298044,0.350482485984637,0.00454902828438361,0.0991692765017163,0.0512041782693847,0.114576842214842,0.0778089049561532,0.0534029413396148,0.0325825973009379,-0.0732819953388742,0.0677812125450239,NA,NA,-0.105724390775715,-0.0750760333034019,NA,NA,-0.0335414695080769,NA,NA,-0.0634351245637269,-0.0588811030757808,0.334126548117031,NA,-0.0432859362446133,-0.131384301672033,0.3201210646793,-0.00834782188335764
23,0.134717091379383,0.370340814329714,0.185613157983959,0.817591998566038,0.146769776037772,0.0669165406798347,0.634274513365,0.0733067312326675,0.223329147507883,0.537629394447374,0.0833508220675955,0.288240801671554,0.278011455904729,0.606393934841232,0.00595412369974954,0.277559627045398,0.118085480604203,0.312888408438108,0.181516816243009,0.252021790622471,0.364953842138173,0.157175068267185,0.179530604147177,0.682842143323695,0.183709306362762,0.254549887982826,0.178148508295921,0.205908724643744,0.256892559664059,0.409159680890218,0.442145883081146,-0.0102547815805065,0.0151008082124894,0.00212688211185372,0.193615129299646,-0.0352590895889062,0.622200545691323,0.0902837974884874,0.0240924013239198,0.109546375353897,0.0851831915104443,0.277027250730773
24,-0.00757342621747513,0.0112505296240114,-0.0304092447077409,0.249074635468968,0.0455346752594335,-0.0236513408735984,0.20373273031935,0.00906261987770772,-0.0182231275406483,0.17011252805113,-0.0313099366734166,-0.0891678394213561,-0.0412136041215772,-0.0412129192498832,0.0257476861088088,-0.0212349629291825,-0.0111770114052763,0.109201958086658,0.0732283070312915,-0.0376789726044497,0.0707057179540498,-0.00866587227274295,-0.112931672053303,0.150091472460797,-0.0544909484909161,-0.111206732607958,-0.0963385684143697,0.0121962821299193,-0.129868802814788,-0.0634342382383862,-0.0310147815746066,-0.0288447029868659,-0.0605135717562086,0.0261927205220317,0.050522886300725,-0.0288048814490998,-0.0272274885974363,-0.019751867029772,-0.0132221189345848,-0.0469082096985934,-0.0282845393575279,0.0878461902668245
25,0.555400856708241,0.440819591269607,0.542375465266831,1.46292629235198,0.374046986735123,0.310020977088564,1.21377541691223,0.373810257248036,0.899410002346839,1.17473959214537,0.367887795009365,0.470974504391515,1.4365717687405,1.45760337334411,0.349404069798948,0.720648357245699,0.545249440165552,0.573284418605625,0.309187366441257,0.630108251268443,1.30925486376763,0.596721357879781,0.772870641310318,1.63794028619741,0.516131571649526,0.423380506057224,0.830021881794089,1.29351229000283,0.861350104315095,0.279551523497864,1.75124285231441,0.785756013244611,NA,NA,1.78862773229192,0.510313198175295,0.430448939841317,0.923940624177697,0.983253947563543,0.556883212326643,1.07099815985852,1.09376580126947
26,0.122652088742942,-0.016412075374351,-0.052258865592123,0.26082166998512,0.122254513616595,-0.0392478828142975,0.294390938448324,NA,-0.0174981292293966,0.201896630182526,NA,0.145150379188979,-0.000126625783403086,0.238912846942003,0.163062953297842,-0.00989338933024087,-0.0294994943696609,-0.0274233985038342,-0.0559016316499765,-0.043045715299417,0.0216666679035062,-0.0138100406680065,-0.0540461423758512,0.16091394245502,-0.11302445933631,-0.037686867593999,-0.0314093958198764,-0.0162778237195318,-0.0915670410709457,-0.00703135895445411,-0.0583911091270908,0.00980054022601401,-0.0671133720216828,-0.0955836060021593,-0.00946029618551345,-0.0621673075698189,-0.049897034784213,-0.0697137332351642,-0.0163027828247445,-0.0522917122416997,-0.0358149340018227,0.000458241517450706
27,0.0270852143317526,-0.0432635217106081,-0.0406351218825052,0.210678328249741,0.109564701040461,0.0186760625168163,0.100269348885241,-0.0207984181586956,-0.0509333601649727,0.202337295837962,-0.0127737618624977,0.0523877872290998,0.000703104434346274,0.0888633581588897,-0.0669242441196686,-0.0346987227087362,-0.105411306096669,-0.00410758182177798,0.017859324597122,-0.0167298589063841,0.13565418533684,0.000494335664792035,-0.106268262217401,0.201867565217068,-0.0304012736315244,-0.0492341628893661,-0.0892364551842391,0.0142440255811821,0.0105155124461718,-0.0147795795001794,-0.0864152024596745,-0.0352394360505075,-0.0528416497883798,-0.0217745761482249,-0.0469138801689399,-0.038533674959784,-0.0337970464377522,-0.0133655799919552,-0.0370884856899006,-0.0451704825243783,-0.0300804400535132,0.0883204150188361
28,-0.00969750873935535,-0.00904038378576282,-0.0169442994388555,0.46163483764464,0.0234103261881315,0.0395231457816543,0.138107205074558,-0.00803962331780175,-0.0108537582326635,0.243240095476928,-0.0084938531838687,-0.0310862837289349,0.000395441324388511,0.0810571649051434,0.038106518159561,0.0259565441791918,0.10497476118307,-0.0105187038017891,0.150269146178232,0.0123304163158905,0.136313033787355,0.0436459029096826,-0.0667317677116369,0.269073404568285,-0.0160762737415936,-0.0420196697367385,-0.0674105481572533,0.00190731362686125,-0.0433744922958974,-0.0276962961682894,0.0303604778392537,0.0544005668714353,-0.0064767898790843,-0.0925048413064695,0.0801434184355512,0.0529920143523333,-0.0322845520403566,-0.0345666401447925,-0.00521799603014282,-0.0167435958444094,0.00784546956160924,0.204585773080086
29,0.243852438037997,0.13992102323384,0.197391740408881,0.662923690528,0.337628749088923,0.181107466291145,0.406397596255939,0.229618609628504,0.323288857246096,0.49840390408241,0.368916628452242,0.168021450743126,0.292536703521833,0.570086805991064,0.284703662072873,0.20148052253829,0.349640106463246,0.346680719951131,0.379626500804887,0.309803769843175,0.435648574744454,0.285183030532862,0.0427400243524123,0.257685460610008,0.178743807208607,-0.0768838556376882,0.142723349572681,0.371002129023684,0.0282028092009513,0.282545779852172,0.0998891945612673,0.167695289529606,0.0262015581343381,0.0934951011013777,0.32052996948504,0.201896363778225,0.324802091698614,0.161521183642937,-0.0422529816652622,0.193179555839948,0.237538176455882,0.124459819997788
30,0.303143157495166,0.1934090864508,0.403450726513322,0.640503033383995,0.468563151493034,0.264925528412067,0.716048587589036,0.349996879126395,0.230171493364014,0.665056699721283,0.55560047555693,0.516302796104003,0.350639299644581,0.626206263154157,0.340888822486591,0.421376894411398,0.534815801311548,0.563717335146723,0.55883956131476,0.419934557728299,0.55345968974268,0.0549818076964198,0.341341670592845,0.188603792490602,0.0830167201455981,NA,0.301478700969637,0.374301517962244,0.417130267163249,0.110746793184956,0.398221740792928,0.191160250854879,0.288964114331023,0.225960505129148,0.378528727782466,0.267584709252083,0.708112072162992,0.206770883073817,-0.0519126508722753,NA,0.0868438739806444,0.32818574698088
31,0.0349705492187244,-0.0083794680738868,-0.0195199131621526,0.263232390672114,0.0400396199143215,-0.0434654937101757,0.269549837145082,0.00625953704813691,-0.0146828576171508,0.196362107932742,0.0634027885278131,-0.0280337121103931,-0.0396601752468792,0.0631486817431243,-0.0033748827138973,-0.0306226223641159,-0.00527133901310925,0.0999333020956359,0.0618281951504085,-0.0358178337184609,0.110220714288841,0.00103364391472756,-0.0491530590770934,0.131722008651383,-0.0270775160141137,-0.088480184300231,-0.0523047612396603,-0.10691818727367,0.100787802652484,-0.02453552279468,-0.100213750278176,-0.0269396773975692,-0.0534583303400557,-0.0850397160421857,-0.012442402617436,-0.023781199266414,-0.0279800770458485,-0.0638706980650968,-0.0186256815130252,-0.0396948983613991,-0.0342034105754975,0.0750209053161899
32,0.273296874351702,0.18247199687619,0.1987107304666,0.457346806024104,0.401443753698204,0.310879242902468,0.541034974635515,0.381461081178037,0.285122679466743,0.511480585596628,0.37905344266309,0.300084870172284,0.257741923270621,0.460801095602088,0.309872070538013,0.27102637639102,0.41445662484436,0.498487268899113,0.35745089809142,0.304729822010736,0.396125974198424,0.222854660466571,0.189963508532884,0.406756766182754,0.235940401288741,0.141162106514164,0.283340748150186,0.259910429850697,0.21921634045764,0.187307714698479,0.115600448341491,0.0929619749112989,0.0130585803548675,0.132546029171487,0.266694074617178,0.173343856897726,0.322820408247954,0.10658646121629,0.0762261846492477,0.149895061127306,0.187945667931892,0.236537819239722
33,0.159280021868768,0.0212800326308812,-0.00531699159614049,0.34846676987635,-0.10232411038487,0.0877595951730127,0.502849409559363,0.128617038522218,0.0972808321179535,0.206327866121287,NA,NA,0.281627707046096,0.367109329397092,0.992373734449523,0.0261192097148729,-0.0271357760305925,0.0238490973076447,0.137785547375021,-0.0609281856644014,0.014070254379698,0.256882922661993,0.521700659709097,0.336972382105816,NA,-0.12411692604902,-0.0532146377517017,-0.058688886199395,NA,NA,-0.0954840401298374,-0.0244402544245999,-0.0443524815960082,-0.0752372494110893,0.0332733535339292,0.0102874595310995,0.0118931022947879,-0.0518310903397262,0.0158367922695346,-0.0287664042107833,-0.0278035937604526,0.0823504719665459
34,0.1230492897743,0.0369078789706617,-0.0140440928589643,0.346245950806962,0.147593096275225,0.0974637255131411,0.285737841774127,0.108104723851306,0.0252070911608661,0.195761455002815,0.186620866039486,-0.0407433726418822,0.020283160582423,0.0737350900294162,0.0735058567875414,-0.00744481362091688,0.00730060037722108,0.16496290751544,0.135108648060621,0.0434206022589672,0.198104080726903,-0.033809538362832,0.0536863603537215,0.391368675678694,-0.161086138872063,0.0128984592207208,-0.00577645384365558,0.0510124351134568,-0.00887250435170734,-0.0163411554314092,-0.0365018652308683,-0.0964735263027145,-0.145211996369438,0.0297996819923456,0.00234511385121918,0.101780025770354,0.0248077114481434,-0.0583372040473787,0.0818243584809561,-0.0135444486988542,-0.0170998520623607,0.210754470791965
35,0.0623747585423134,0.0465029161857508,0.0152159195866345,0.385451914267962,0.0537320104764481,0.024850466335843,0.25333333247198,0.0156557452745161,0.00957418277111283,0.167742992154561,-0.0544166615784845,0.0588447595392902,0.0493565242643187,0.023115737752674,0.00957964167244486,-0.0562100123252441,0.0806029103791765,0.113140020258411,0.07222865930535,-0.00140929054385132,0.130784552948842,-0.00725781208141152,-0.0352416742385024,0.278764402739958,-0.00286927555936911,0.0556407188470026,-0.0143505326658351,0.129688959635945,-0.00354845328253399,-0.091096138957471,-0.0634474319889861,0.0181058623264272,0.124317063136697,0.440109143627702,-0.0199900193613155,-0.0251444932332167,0.122328434721562,-0.0248197652369043,0.11639196018411,0.119655538888432,0.15414110773504,0.184579173322192
36,-0.0387633908048585,1.71489846372947,-0.14252574204209,0.482443078609502,0.0457013393609673,-0.0490930577277055,0.264124403499714,0.0807690276824865,-0.0210376757963885,0.0527563196277035,-0.032926207360121,-0.0201896096699295,0.193399991619044,0.239972633198106,-0.00395624313365399,NA,0.146881750379235,NA,0.0438781028809309,0.0546962225757809,0.369785872583043,0.0510817316858206,-0.0492433362835237,0.63181802396411,0.00268566678131056,-0.0536457565495015,-0.0030056671618717,0.0342052214972648,0.0640929485970795,-0.0406733296637473,0.183035785442051,-0.0116053628523813,-0.0830175817029263,NA,-0.15176507656835,-0.0159377726747523,0.239587617631745,NA,0.113820574343428,-0.0284667237918454,0.0909285279828914,0.130567717511941
37,0.261313578380561,0.213422229207594,0.23355865304106,0.543626376038119,0.304933272336104,0.285113677368091,0.431743328479135,0.283684377538351,0.184848379518617,0.410966274918377,0.312669524262387,0.254827341282997,0.267555574626121,0.371445266823989,0.209950330560451,0.212325174432539,0.321752709324019,0.289266322766091,0.384934308375188,0.278724593707155,0.408117929963371,0.197151327343979,0.220407237194092,0.267652804246347,0.180736703397938,0.0844312502470446,0.292510935352299,0.161405100137706,0.136682981311804,0.111006628521387,0.138840547941433,0.191650362910819,0.487026497393543,0.153866368478584,0.105762135791253,0.265124063099668,0.303110802632,0.0738883478422092,0.121785310762229,-0.00713561141863491,0.208171506582641,0.276838586452837
38,0.0221246087870652,-0.01503652021697,-0.0111193192885399,0.212541720699514,-0.0907412366076954,-0.0303255887436853,-0.0329004445190942,0.497783687821661,-0.0608847115647136,0.0953612179781335,0.158531040865335,-0.0806394560202319,-0.0263660756879965,0.0344202885074906,-0.0251533567281029,-0.0310471491937097,-0.031694327012824,-0.0307672809082664,0.0403602599530468,-0.0398407255553912,0.0294666485806547,-0.00203300751291999,-0.0578037674797613,0.14630215265656,-0.0129079914221299,-0.065805240039818,-0.0776231504561109,-0.0228318096408005,-0.02758920656049,-0.0380437150888632,-0.0354867185467807,-0.110533880083952,-0.0564923921340251,-0.0550239088710935,-0.0428305613937167,-0.0672813130528267,-0.0363474200907973,-0.0555935022687608,-0.0372710918596866,-0.0410243006268779,-0.0102853429331316,0.0359312908548429
39,0.310253169778266,0.152908671781854,0.181664036342333,0.595705599735477,0.409073061188769,0.260824298056941,0.333801616893981,0.29177801945708,0.300197650035582,0.597374275153476,0.332154594970518,0.0354871404102252,0.434528414897422,0.370686182280352,0.33818444608685,0.222143223377819,0.394546644528291,0.403797331197456,0.500154864815245,0.294950646909902,0.390984989787749,0.30562693908083,0.128541025939817,0.34962913039502,0.209383875182994,0.06903778868491,0.178083529121244,0.362516074400789,0.239687395265303,0.193944118088275,0.185026170942188,0.0847458930598157,0.00689667583984409,0.144818521639845,0.188623620877744,0.225372830635563,0.0119088659552627,0.227191123472065,0.264395460494746,0.182318544994998,-0.00866400339879701,0.264602181334007
40,0.322698995020725,0.194375634226005,0.252998332629031,0.401906562710183,0.223627763368612,0.280527790796521,0.512466767683887,0.328074890864184,0.215222938193608,0.629325903545437,0.297550077124997,0.288864421610346,0.31887175124886,0.379511880913517,0.36322316749163,0.294409536697788,0.416151824069437,0.430200088424151,0.435644203553141,0.33915905823572,0.477992366785249,0.371610027864755,0.182056532858103,0.450563704804494,0.32031462861421,0.203791522583621,0.0854961327268968,0.17169650640392,0.445558447436752,0.399676023271057,0.182590162037126,0.166878232371161,-0.0020873905833385,0.194126856013014,0.255710863124347,0.181862875213383,-0.0576275456836265,0.0636216485600449,0.0823469448989241,-0.0265620854658771,0.221897385283025,0.402470919897115
41,0.752436083810047,0.692893331274779,1.17347217212489,0.969147379860784,0.741045525582292,0.521057159493235,1.0679073107433,0.79932563563704,0.407739944058537,1.55084733101227,0.664577945578262,0.289699508269499,0.665759503613315,0.5333716285596,0.768326273561582,0.250412120751234,0.481216036940221,0.694810054167272,0.919592045531797,0.624096542626534,0.417197562616283,0.679198192182338,0.39758365559716,0.436068845134691,0.37870758569842,0.168519830655481,0.232591480802365,0.309804960353873,0.394283554185108,0.172624743921463,0.855428516935849,0.294071896876222,-0.0468107760386937,0.214317419797211,0.333955732011925,0.874951040515519,0.13643732722637,0.274829610943746,0.393589773485067,0.120654682543777,0.469730026188589,0.372385445210556
42,0.58169247711121,0.347795949043504,0.946770650806339,0.639614659687984,0.403170257499065,0.3401263166259,0.935280194747893,0.40143625948156,0.232781599398292,0.670169878070647,0.4498804422902,0.0755888820443936,0.386003293943725,0.532503898392631,0.320321633311254,0.258577189435139,0.872520791599128,NA,0.414736456634854,0.299023851192723,0.998111624423268,0.129303106288042,NA,0.149966639310562,0.280494828021661,NA,0.363201049014987,0.455473778323627,0.296428755700527,0.339017274850712,0.055976306692367,0.290783400184349,NA,0.981015459882819,0.745946092123686,0.199813317494635,0.836926443514109,0.249645331453398,0.196611599339373,0.244801443799971,NA,NA
43,-0.0180172276742768,-0.00812526419938022,-0.0330948256594936,0.443827215710035,-0.00534050626381466,-0.0127562018836253,0.22176214277277,-0.0463749312934276,0.00106297322866883,0.0819020133221269,0.187331027149747,-0.0425141644447562,-0.0737174136575267,-0.00989074748361859,-0.0331216935205692,-0.0189604365863441,-0.0251942834118012,-0.0715775741643443,-0.000870777593067957,-0.0547094579545746,0.0598292694106649,0.0137402819905887,-0.118608429028123,0.216252300828377,-0.043736205357668,-0.060435347559658,-0.0302765477078622,-0.00714979335512735,-0.0471126803381586,0.0429729063390231,-0.00926717599140238,-0.0081414670135524,-0.0347609273469863,NA,-0.00137903333938198,-0.0443921566097354,-0.0166839760652637,-0.0435528561226254,-0.0319529904478828,-0.0132153601997779,-0.0428078672566708,0.0531026000833778
44,3.78750811508356,3.13359163816773,2.892492702659,3.9281079059088,4.08411574804434,3.53076261412318,4.14372408473663,4.00384336299165,3.24139248989414,3.706652900335,3.73702325009931,3.1256336466289,3.35081994663167,3.55880644868878,3.6027877633108,2.9175347477359,2.88443951021772,3.24366492647875,3.62967445559759,3.27535649308684,3.3097636704139,3.48885176067486,2.90650510382922,3.54208388749419,3.22326677757492,2.88694372458867,3.47602672195201,3.39404704640632,3.63892391975802,3.69818004101045,2.88847727491949,2.66268501869903,3.46449885898158,2.69725246874223,3.15656051305282,3.32032938880145,2.77584587012188,2.01914789029374,2.9984965877449,3.33817628272393,2.59648776687368,3.28315325792468
45,0.145287511484989,0.14298420073999,0.138887444981452,0.520690611153469,0.232823315622293,0.189753674784172,0.367158055308795,0.202076693704982,0.126592011174026,0.357457684008116,0.286341908993023,0.155633334100124,0.192593129087366,0.297656914654675,0.188724897767005,0.157500559047681,0.265683162040156,0.273563279050352,0.259206917706408,0.196799041846464,0.327214966363551,0.214591776103281,0.159996417507126,0.356263903806736,0.137908825657087,0.0910294253155111,0.146758012046685,0.130141735424696,0.113852198100617,0.0506958324408648,0.047822632332514,0.0135730645160643,0.0263731876786566,0.100492693781204,0.0887826108402418,0.107936216166237,0.18320967293755,0.11506993416362,-0.0155224586627977,0.0507388236115025,0.0261975749309829,0.157519232363335
46,0.223835168502196,0.211011836565621,0.177505486497704,0.576272908566493,0.264809353455553,0.309248901280158,0.641539731159323,0.165585970448129,0.22726428589376,0.444492770780165,0.137182640193942,0.117940977129742,0.274353602847758,0.368880764719652,0.257724182684608,0.241881805865621,0.367885392992607,0.415409026254906,0.337064698163058,0.279053885666975,0.37881377016746,0.172046832809037,0.126845113830203,0.256340598744498,0.142198332525719,0.160216511888435,0.136951701549681,0.21604385819131,0.130532197634361,0.0775649870460873,0.134874511791402,0.088075572937939,0.0319768036851101,0.133157806215146,0.157917209109212,0.186527633839865,0.108603092286063,0.0617234789301248,0.146902810124608,0.125584342020668,0.0977875450363353,0.323868025453943
47,0.290735637480279,0.245150211496092,0.162545660695998,0.583039565217276,0.357798555064336,0.284513367063461,0.270192559619646,0.424607818299907,0.253080619261689,0.592921670001895,0.013474347256113,0.22768425155876,0.12238115922709,0.353576213033116,0.291884269293069,0.272387565012225,0.436070845373201,0.476982127804092,0.6732497489954,0.153863528630427,0.423997318171084,0.31900291855348,-0.00323353367824372,0.621870181837988,0.381232898863718,0.0389293123033397,0.0620872367610543,0.206104739462728,0.345442747113984,0.103634300491915,0.481173343397295,0.107556088186377,-0.0541803304922511,0.244088218137729,0.202641235749998,0.210487798773646,0.0638777337407046,0.0672200976871298,0.169535162733417,0.00248391167952984,0.368986915692012,0.2766282420239
48,0.222007816477319,0.185593716983191,0.0999873524151169,0.517947838300492,0.339988114640332,0.330108061050744,0.454974474091475,0.286796606738539,0.15923830426751,0.541500892375215,0.316041845415196,0.302466392852174,0.253145653162689,0.434437641412648,0.23575348083425,0.211506622139839,0.364843893960671,0.440880261419329,0.388619710411176,0.305419646361988,0.378554892532291,0.26929224369274,0.152309271400882,0.274001672361748,0.138010944497931,0.151828007897852,0.187562904413092,0.257966939492832,0.153961767680872,0.194761558355743,0.160645652822121,0.127342216813935,0.120686056227715,0.183060452663839,0.152983291918133,0.192646436933346,0.105487331104572,0.141274132612654,0.105457257101056,0.0275144548845459,0.432704142246495,0.263408059203894
49,0.0579034200933054,-0.0221805415220257,-0.012329166203491,0.175460635658766,0.0675071451809156,0.00368117715504707,0.245709595975811,0.317832356468613,-0.0324748712203506,0.192434185405511,-0.0104754186099186,-0.0239733739314917,-0.0654443959494237,0.0376599123860205,-0.039259232546743,-0.0394035309302325,-0.0258799264945496,-0.0338924367169934,0.375952655710309,-0.0292913188736025,0.0458414378968777,-0.00332176923283175,-0.0403645747943762,0.0924093284395107,-0.0341142493463229,-0.065053048626512,-0.090943886236354,0.162566777670401,-0.0811357982067581,0.248465440695247,-0.188319511186803,-0.0132702404590187,-0.0550033049298196,-0.0716102966622837,-0.0381874756062969,-0.040010055523952,-0.0375211825121689,-0.043104999002064,-0.0211263914936336,-0.0525601630239952,-0.03430494977783,0.0582275969057924
50,3.3260452369396,2.58422140677245,2.65896854615797,3.44908681494811,3.39606561106916,2.84998467385431,3.8670459127146,3.33290108468769,2.49262725591671,3.11842925043065,3.143375766171,2.55458199508784,2.98491424356952,3.30716909426692,2.65512711722559,2.38537474674313,2.41960404966074,2.41531002098114,3.04822948526332,2.63877897715607,2.97637524353432,2.7523458039985,2.57465012819213,3.17110100918682,2.14803167880715,2.0775107633553,2.84800668462154,3.04175249039463,1.98466542445708,2.53792265450105,2.73106393806968,1.99229894597522,2.0468482391981,2.14984159551144,2.39905587271985,2.09694502587354,2.08220019594558,1.87369882124915,2.34237339348008,2.10800273316976,2.47348659820775,2.88728952158036
51,0.316574608999169,1.51156827341466,0.213669091234057,0.764782449787361,0.856742999164354,0.0447959545122627,0.859310097627042,0.746164716806518,1.01819624012456,0.651733617713404,0.296773104649327,NA,0.337646149721105,NA,0.646197928963975,0.476799905349043,0.625435424124636,0.599995039168963,0.593808355649883,0.526814093696383,0.590849015236534,-0.0128512241896632,0.380602110304813,0.702562413959961,0.0200112606361095,0.672515376559556,0.383099099356871,0.685652895861633,0.139421072225187,NA,0.261906268284312,0.239407192759738,NA,0.388775341550007,0.250612254650966,0.439179939830899,0.497076791853624,0.366064211227341,0.170359189397676,NA,0.719166826803769,0.373837632231486
52,0.112547180139417,0.0309960500100117,0.110787590696532,0.0864890869461725,0.0741051816146587,-0.0362678426992271,0.0805506588706406,0.0993048718255589,0.0370006797578124,0.478423065447698,0.0686539085704955,-0.118229807861328,-0.0105994363242651,0.497950205362834,0.028506423470138,0.137528276335564,NA,NA,0.185199046167533,0.0726386380761121,-0.0512226961768336,0.0188608212683501,-0.0511914633851356,0.123618951634912,0.045729837906574,-0.00264459931291342,1.3389840432935,0.0422107414083924,0.00145706721033551,0.162474528117563,0.1454641338843,-0.0807977854985545,NA,NA,0.161437118925629,0.0894812234016221,-0.0437233483771167,NA,-0.0402592336991529,0.29993577611882,NA,-0.0757752562794946
53,0.244942833456544,0.0784744907288848,0.0231997211972898,0.230083977738546,0.21700579406202,0.0944067232806248,0.227584102594392,-0.0227635080483146,-0.00452438345060853,0.257272722640975,0.278540870015782,0.232641198854699,0.0184041943451311,-0.00196517977459389,-0.109641960032986,-0.0330784373928586,0.0109633492128858,-0.0124656883462798,0.0854104875450089,0.113668399713252,0.14329349499227,-0.0440275132435528,-0.1163690711028,0.259171147237578,NA,-0.0621034928951202,0.127871832136851,-0.0996815828578809,-0.048140978422882,-0.0757528318380952,-0.0483218885595194,NA,-0.162324036379744,NA,0.211180255739282,0.257645437093132,0.170397165309274,0.166242682798011,NA,0.170862796920979,1.02322607744008,0.0773658734822716
54,0.0478657772481244,0.00802066577907939,0.650851077036799,0.249782093645121,0.0835920060173471,0.00733293801163927,0.252139400292687,0.0638737995020853,0.0437558177247704,0.163222638217113,0.0457504725951974,0.0494583746850574,0.00383194343237152,0.104907394997677,0.0382429863893271,-0.106165340397335,NA,NA,0.0944149361793982,-0.050272570986943,0.1183418646778,0.0144006833007894,-0.0909511022199165,0.136546876607777,-0.0124927869780612,-0.0102203318388312,-0.047194049263882,0.0451592329329685,-0.0154126144821477,-0.0173877790767637,-0.0321906966772736,-0.0520866904848502,-0.049743035041244,NA,-0.0915648152343503,-0.00213599508254604,0.0231221874104064,0.339595679145755,-0.0260232757276678,-0.0285180565481672,0.577620462029925,0.0342494520352059
55,0.00190430484835884,0.00241239526082667,0.0151912866257273,0.213210678503725,0.0550369177617787,0.0148008522597472,0.155359813301897,0.139713219453746,-0.0067339172164782,0.565607069443655,0.094394184973484,0.0583419636381262,-0.0167418919688575,0.0870073924183678,0.0297378695638929,-0.000161251611308805,-0.028419017168788,0.10659329410091,0.0869561065721137,0.0191433255775624,0.144516928500743,0.0795092039115527,0.00825867122488157,0.168253802647612,-0.0152563718257783,-0.0440243774076212,-0.124794346608826,-0.0350544783692237,-0.0639543836651013,-0.0793795466862443,0.74119944795851,-0.0518335024093334,-0.0439906435567873,0.0940244661114817,0.00130609218150196,-0.0436917488054537,-0.0110533355970076,-0.0868798505158491,-0.039208010797392,-0.0459941389596673,-0.06899877448188,0.071422260235711
56,0.323028144666784,0.247808863837902,0.203123135923751,0.450595904836295,0.303689863432337,0.356374873151046,0.522156687573357,0.347485104784144,0.299303063638931,0.540758033370401,0.366080031889254,0.0665623781019847,0.313688566551142,0.327177254163706,0.326883275506554,0.289057646342832,0.413161222811764,0.434047810152915,0.422662863925876,0.330196498182951,0.505249706590652,0.366041703506574,0.160383710165854,0.365263447972419,0.232646913349076,0.417257009487821,0.181828235105437,0.286963215003382,0.195488590869246,0.194493081400195,0.1947106709501,0.15420060996788,NA,0.213845698197554,0.110855697418447,0.273496422807623,0.312061518351587,0.164919151913715,0.199186536364772,0.927854763587687,0.224602312620669,0.324637667232641
57,0.176499178622246,0.113584863702373,0.0890276042799753,0.308688950368365,0.0813991194098959,0.185109802403324,0.733727456797198,0.23943478948639,0.117016139240717,0.443358215904279,0.0796103545602896,0.114962366397684,0.167014022398798,0.180933708201012,0.18681019833524,0.124596901626164,0.219128568461665,0.266338004865139,0.323093012064115,0.139620203076499,0.28809495633195,0.149731215903652,0.13465077602425,0.344871814275075,0.106906838306656,0.124847837939805,0.0774424555994832,0.158743463605108,0.0883462064101785,0.0165601298873646,0.0521375782321934,0.077451720989031,-0.00461473435325293,0.0740653155406654,0.0848120946743863,0.107867236255186,0.0964010406745526,0.0348360186751015,0.0735365074166398,0.0468326088565173,0.0843121905556025,0.222317315399282
58,0.02786577983909,0.0163377109734588,-0.036217635945333,0.227162628869705,0.079135547157883,0.0113074761526823,0.201174231857361,0.10470678615991,0.0814610135237677,0.098028924437132,NA,-0.0360757694394389,0.0434244822347678,0.0422884361040734,0.0893862625514068,0.0259987866378692,-0.0208479857354071,0.0271081713523121,0.0408936597449234,0.0641767472179897,0.109354046149086,-0.0219259947409414,-0.0583759400160509,0.268801399286152,0.123336359736223,NA,0.0340738374687437,0.0142646268469456,0.996672834696105,0.101331360766489,-0.0491595268538831,-0.0878295057675602,-0.0620375898644355,-0.0883592890318694,0.0181984586659351,-0.0851545139644646,0.0188258821679781,-0.0377056950128192,0.0319156753075349,-0.0205430042615076,0.0423990758754762,0.113153760489404
59,0.134436425700773,0.104914543939996,0.441445346433059,0.642779235063998,0.132256401434367,0.290122256999091,0.36615602659756,0.138834183994444,0.0602829351544307,0.400093832555945,0.0762029715805305,-0.0366742231279284,-0.129905802775548,0.019449957573671,-0.013565246462549,0.0815108972274797,NA,NA,0.0737512305861541,0.11016201473654,0.22529162493742,0.0692734560088714,0.112747088040997,0.212196508263966,-0.0366577356463324,-0.0433815196828339,-0.104960006868264,0.00110244786969658,-0.0252104368985363,-0.0319908200608991,-0.0629045696662495,-0.177174386568236,NA,NA,NA,0.0225455152992606,0.570909400668545,0.105494384773146,0.177264587423754,0.196277825106821,0.335256201212729,0.286222820994124
60,0.756688883713761,0.435688774430146,0.748450232234246,1.6769654984582,1.42770813555857,1.10650839062091,2.52798103046229,1.4283860812407,0.315951400815165,2.10503624242096,0.318928533390817,0.991069514713704,1.33278342630568,1.41179044444497,0.119049118298426,0.20449154703584,0.878742527942377,1.54253505315387,0.905475160175426,0.762718428103786,2.11318336771914,0.286180109438451,0.294193916236152,1.27657049579917,0.237233895798257,NA,0.139742060611257,1.14378504029729,0.696509413941478,-0.0142621718621527,1.49170663955823,0.435540202831392,-0.0585024103899823,0.493540422669906,1.72734766283173,0.984553893404306,0.246798459354343,0.549574722662129,0.374182504188357,0.164790939767121,0.25363460419138,1.97181292281279
61,2.76964495520081,2.13851420500539,2.53451869087894,2.89745281436844,2.71163369596429,2.05092911070826,3.17549119366743,2.41073983786689,2.75477874409405,2.78250037885816,2.05892821373649,2.50382569885051,2.28307622055108,2.89231925972329,2.88994898109438,3.58789046599371,2.17016832290898,2.79795782303623,2.76961865422131,2.78390372173586,2.74836097976189,2.40835665416936,1.93300654899661,2.43176101808714,2.02608768457126,NA,2.95412340798537,2.60060874461884,2.97493186592256,3.07830092636863,1.96636027493207,1.76253079481546,NA,NA,2.26203424832804,2.1498015171426,2.56055637272463,1.72597168876049,1.78745620822302,1.78412671918606,0.548205291974185,2.991691961583
62,0.013465917310527,0.0938153423567903,-0.0263059248721728,0.212555834443094,0.0306993487894205,-0.0349511121245176,0.156047266459664,0.0134409642274805,0.0603553541434894,0.370241977214738,-0.0753039743363072,-0.0165788297677158,-0.00678452843394492,0.0237231541182237,-0.0291058980237333,0.14785704012486,-0.0184413977211655,-0.0829122205767745,0.0347322157923313,0.0176484636940496,0.0950126640781908,-0.0433633254620264,-0.0376237463275175,0.223876898199058,-0.0354325893238736,0.0112453072454333,NA,-0.0018728994059489,-0.072508738204506,-0.115427800897163,-0.0922268849383339,-0.00678528854110671,-0.0528068832330011,NA,-0.01348389861984,-0.0435844136477281,-0.0263152267254361,0.163962365215161,-0.0179069560091962,-0.0292614043906284,-0.029919002531674,0.168246656114186
63,0.0736304580935575,-0.00369564458008353,-0.0444255325931282,0.11290590003868,0.100165485788015,0.084289091432192,0.303809950589797,-0.0791637005667154,-0.025900007317242,0.196852025948222,-0.0211088418390599,-0.0924817918098046,0.0241673725707251,-0.0348192116469662,0.0370691110189357,-0.0530267074820666,-0.0103439424497695,0.0759190568714029,0.0188340017793239,-0.0401574049860168,0.117954792643706,-0.00788361201375812,-0.0411920470950858,0.175352570224951,-0.059631584429625,-0.00918657452181986,-0.0421403635962923,-0.0404905654474589,-0.109215885663092,-0.0608132368696797,0.0792269534242866,0.244196430646668,-0.0502756537143208,-0.0120004373847624,-0.0283185986258469,0.00925894221330431,-0.0246782496725566,-0.00824523413696403,0.16655842026249,-0.0361949617666471,0.0899778513982468,0.135955536781182
64,0.196488727444004,0.369911932165099,0.0616957024257517,0.612741011369116,0.305894648251644,0.262746349447597,0.486596822874117,0.269521423530598,0.209819120735721,0.348116078512548,0.224139092507049,0.271987594823896,0.318620088895087,0.546403181696711,0.230386352975338,0.173779427974359,0.345978103002859,0.512062249340414,0.536251312876824,0.23680762740295,0.691742971621609,0.173668929924121,0.279490939384057,0.153940784476796,0.00951981023345829,0.116860031817241,0.199391007254798,0.0264678002212139,0.25266593294981,0.0432012930198747,0.257280640676326,0.313608034197529,0.0712614093059859,0.256665956425222,0.235383371608795,0.339905437885022,0.423620505280748,NA,0.0454257469305338,0.230129328508007,0.0336962527780242,0.772520222501681
65,0.246722649385179,0.0171071857546795,-0.0648930254561128,0.589178966742764,0.0784201001351019,0.0100893454648664,0.182690688792238,0.0524716292864392,-0.0060000316655382,0.224115646566453,0.122117050537921,0.0545728605412095,0.0173354928221028,0.0590251436228718,-0.00361920562224078,-0.01586501961704,0.0344812281365593,0.0032488787961292,0.0860513455414856,0.0420245899839571,0.164849755634162,0.0137843917502785,-0.00488386473661463,0.409593781011431,0.180946927194974,-0.0703901491828917,0.0891331206854218,0.327920863831554,NA,-0.0279389422735068,-0.0060609621507789,NA,0.0148843857199498,NA,-0.05492120144475,-0.0313525539367894,0.011591001522942,NA,0.479369627601272,0.0711397719682721,0.239860551347878,0.34704733652055
66,0.191778511014069,0.140596419475195,0.0949674816103188,0.483885079631305,0.376610525972999,0.221075727927551,0.481970219726036,0.325262833272012,0.196229711935246,0.410605253482493,0.312336560573724,0.228185397933212,0.272815438059821,0.441328713423234,0.226318831350481,0.195602432697276,0.301759753396631,0.350051862467265,0.268619378030797,0.220231754977251,0.276588869121557,0.200111024550401,0.131880574424182,0.371597669531881,0.13635083562644,0.0853399552500081,0.0914441784660845,0.195316248580199,0.136773701668031,0.116361242369432,0.0991481219940693,0.0734473175759702,-0.0197845141044304,0.0923375899866317,0.176191118821085,0.173570942684745,0.101717822764875,0.107604368999348,0.0772912508860914,0.0291032474938194,0.125087070246123,0.165427476824922
67,0.192879065808076,0.108347842544629,0.12558077695867,0.503010642691809,0.592843912707298,0.192034914929448,0.15391359490099,0.0960716396361597,0.172194995899505,0.556878892803251,0.0692885006035195,0.0670351916866971,0.192727485238946,0.2309828763515,0.0941166668909312,0.114407087733114,0.292376205430587,0.212014741482458,0.0939711699743667,0.159657916185545,0.330942496895901,0.179657941487781,0.0699927650364973,0.358360566786068,0.0234463886132214,-0.0114491558304211,0.0615359077768206,0.106007877775632,0.0782635871229628,0.0606265725558136,0.0901898322147903,0.0477756913077117,-0.0221235172823153,0.0113591210056702,0.125198537134543,0.111410809675614,0.143706804922214,0.0413273491308336,0.0549479324660196,0.0252117363274582,0.0726074101420927,0.273674094178325
68,-0.0115023789546952,-0.0169710922994482,-0.0284544275859052,0.228038609900701,0.0736986395452756,0.00405556008742697,0.155351254176324,0.0443294313015563,-0.0240612103128217,0.221954420387045,-0.0136421218903081,-0.0223093313503151,-0.00474445455513784,-0.00168169340946081,-0.0261196208466719,-0.0196777682822715,-0.0246490738286405,0.0291794077706288,-0.0118845511227152,-0.0133042212201646,0.0606960023473453,-0.0218022433554314,-0.0413784908854606,0.0993868625304818,-0.0638421999940313,-0.0257921769434146,-0.00889579441792728,0.0938642826671646,0.0359182413168237,-0.0239086499292598,-0.13912851051842,-0.0114722834808803,-0.0248238727414146,-0.0458485263793804,0.119602039562014,-0.0288582084206289,-0.0439304791062997,-0.0954436512879618,-0.0784093463813822,-0.00613146382224832,-0.0550692410306063,-0.0168342939325212
69,-0.00445962448376377,-0.0108946880165701,-0.0376271771263213,0.318709266152728,0.131841628258307,-0.0160666884657181,0.208568522149307,0.0571744744548321,-0.0319339820475842,0.0932179522704933,-0.030775318320139,-0.0528397867645167,-0.0128597735968478,-0.014731993326814,-0.0339241389996942,-0.0494472456479336,-0.04129901044799,0.142007893759175,0.0546690647573061,-0.0138557485870455,0.0739796632155368,0.00403822605522262,-0.063979684926011,0.176360886760292,-0.0345119238997155,-0.0681454642129598,-0.0351665314171944,-0.0267580722679655,-0.0825010178060265,-0.0749797686935786,-0.0484405231900905,-0.0067627368961168,-0.0574857092058612,-0.0107511641593591,-0.00642270053405628,-0.0334167987828403,-0.0244988794732308,-0.0574795838575035,-0.0280420355627281,-0.0446434873009965,-0.0429754982358779,0.0573516168181187
70,0.0580373126547821,0.000216385888948198,NA,0.259084983126031,0.0917900437928255,0.0919573152237635,0.234188210473322,0.0941289967811818,0.0461551806763165,0.290411510044379,0.108020717243703,0.00247371447372436,0.0891501274008764,0.0611102966622944,0.063761547206461,-0.01578286329597,-0.0433599877600076,NA,0.098788475117837,-0.0382321849843964,0.120346547186638,0.131531462820453,-0.165118906575368,0.662182781286352,0.0515477567810966,-0.0588228666092942,0.857961095649779,-0.135361086435805,0.0659250595615375,0.0385229696341723,0.152368271649052,0.0564828069527642,NA,NA,NA,-0.00520128968152613,1.34248933122808,NA,0.169574446001499,0.198342588587802,0.272949313542274,NA
71,0.111616808057785,0.0820589492098032,0.118446974926152,0.365255697625862,0.115973950862833,0.0899842943500232,0.377543251142772,0.26670452918573,0.104583838887884,0.285310101698557,0.279996525699152,0.030048008922797,0.180208481845183,0.177236318564146,0.0247540241485055,0.0303844258774528,0.0923802601704123,0.307634261032723,0.156354132164477,0.0876356961449723,0.144338465161898,0.0932116021814292,0.527159790910986,0.549069519890033,NA,0.0801247029907833,0.192798338654684,NA,NA,0.287743742095549,0.096722790970712,NA,NA,0.298436972728078,0.119662865428947,-0.0351555615442881,0.0778174915515319,0.321053394464848,2.08651394119045,0.132370308735482,-0.136791234957573,-0.051174158985844
72,0.626648878563705,0.0929155005957516,0.0730598917240908,0.384841357379071,-0.0788501075527001,0.12748522322115,0.210504772714681,0.368320756395357,0.0896545620302611,0.363057812537596,NA,0.356052325564127,0.0171524101041113,0.290684727216673,0.276431404144417,0.199610956800369,0.195101333206108,-0.0598976027692647,0.627563838728832,0.0768817232758735,-0.131850355718764,0.419005809574122,0.108713009391292,0.337283731596076,0.287102595846706,-0.0107814180380313,-0.058823958282529,0.0664427777307726,0.688570868260867,-0.068866540521167,-0.040957496496004,0.0888864674689676,-0.0279299184759332,0.301799035416023,0.0413979962390876,-0.0896689421927384,0.0575561935358106,-0.100819326217901,-0.0594925291463086,0.0684038286098613,0.14789490433618,0.079159819111085
73,0.26861306987437,0.154054054286199,0.124012549188024,0.473775724350406,0.513207196502363,0.210176076391901,0.26584015370695,0.0414619251755194,0.0805568495782987,0.486202560672623,0.389091702953129,0.165604907140738,0.199069394941847,0.121500629915843,0.103809644131322,0.112397373630217,0.208252725963395,0.325255491250598,0.33080470681878,0.123829455178286,0.330108086789063,0.168066802805769,0.0562895064154922,0.320185843757231,0.0805997923293315,0.0412991237879031,0.0519997825211148,0.118777313899207,0.0852196043372196,0.00115001754366966,0.0309868842374949,0.0487665248544718,-0.0289300759947992,0.0515417750231527,0.099219691764172,0.0660064454187197,0.0767681993579947,0.0289006407915582,0.0292773738388659,-0.012730439363482,0.0248920334346217,0.210542139684565
74,0.162877224967267,-5.68740523264723e-05,-0.0214008238815271,0.160001396197643,-0.109033082915357,0.00190034375699941,0.251260293698072,NA,-0.162119335412591,0.318644484472486,NA,NA,0.247341071912897,NA,0.137689130487211,-0.0708483037622704,-0.0188278518390763,0.0720119614552852,-0.038170003112515,0.0682542306260668,-0.0209945035010633,-0.178502407345127,NA,0.0317741332067043,NA,NA,-0.10445673208235,NA,NA,NA,0.0292801353304286,-0.146784099650533,-0.0870785653085304,-0.124387017106904,-0.015663330525629,0.0228327990820911,-0.0561050650621988,-0.0575540484265983,0.117695903385975,-0.0471285450541431,-0.0165294504717328,0.145966178732436
75,0.193526845054997,-0.0269105586719518,-0.0422470711787966,0.191121868791116,-0.103446373932321,-0.02388774955571,0.0802902185963729,-0.0270898139021159,0.0787254911629172,0.214895875281718,NA,-0.161487800295306,0.0534442074428744,0.0219318614075879,-0.0242498650670864,-0.0454004618959082,-0.0563783670336109,0.01007488611294,0.0641931345305748,-0.00201516890481233,0.0292583255940829,0.138257225922921,-0.0264637157533529,0.215393059491615,-0.0588237950424929,0.0203736664354824,-0.0677477950410629,-0.0589689508185088,NA,NA,-0.0143852607077153,-0.0158653308979108,-0.067410258488015,-0.0797336904865071,-0.0275617535839954,-0.019752344531096,-0.0209129779396991,-0.0571388149191178,0.033804331923627,-0.0368350000516136,-0.0609157102402181,0.0497310305467424
76,-0.018158032193487,0.0893217170120883,0.0140692152248536,0.292674351083331,0.0118225137514062,0.0797452555441106,0.303501144762994,-0.0454969188031299,0.111085309794303,0.273304039213493,0.144131870479031,0.073152708762618,0.0837048776086961,0.115238201756768,0.165230921903122,0.0443094928856063,-0.0656037388310509,0.185949184187011,0.149224925103124,0.112974080333593,0.188469305206738,NA,0.0861466515640101,-0.000688872571567752,NA,-0.126255237788389,NA,0.0979977170664137,NA,0.0715865217299764,0.728826691897619,NA,NA,NA,0.379214812550685,1.3412753750598,0.0265442491037814,NA,NA,0.200897114440168,0.337098385844292,0.0552851103050969
77,0.20961450517164,0.0331154206660619,0.373194423419568,0.23361652010248,0.0168850459973854,0.210063443237061,0.238160309540523,0.120943168245828,-0.0339985018841132,0.026963149630658,-0.0141346248185635,0.565496065173583,0.373828127388691,0.0437000131317834,0.0334438991677323,-0.00547992973658239,0.0176758896023877,0.480011727066151,0.0746605798287566,0.00306601051511754,0.166343601539037,0.536115438661889,-0.169281392409718,0.234463510068996,0.0674001580575953,0.421243343877518,0.174433639388728,1.22879612612379,-0.180194605300293,0.0425583150051394,NA,0.684031189736208,0.359899317671543,0.0650020693086168,0.166307175511025,0.118490585238191,0.0815716501114937,0.252249955656673,1.89166384301567,0.736258193166816,1.51775313607844,1.04504183171073
78,0.0671366001988631,0.0915624453780123,0.0491210517543367,0.224284582209737,0.100190648689365,0.0878535231985038,0.27761235568,0.0425447106421414,0.0669005785358152,0.142746945036943,0.0880774703073466,0.0141891710096055,0.0419983210209989,0.119257702495521,0.00121845948819982,0.010578246566599,0.183122636083847,-0.132102879724225,0.101241426073789,0.0563721049781114,0.171206844921011,0.135485069875905,-0.0359466930542661,0.173280660014099,0.0628644516425526,-0.00416070655556792,-0.0041022044105373,0.0917069057992414,0.153618481088772,0.0196490086408241,-0.00258066292081624,NA,0.143542704095661,0.336661574180654,-0.17165716453757,0.0305995363813342,-0.00275600892845794,0.243767619199336,0.351732738259966,-0.0360945155145685,-0.0141273656976108,0.163741403369655
79,-0.119092050803671,-0.0108318393721593,-0.0650230987445802,0.309487675298983,-0.07385222191607,0.0746407877461429,0.101110703244292,0.10025617656856,0.00710772624224546,0.0606253791716996,-0.0289523618073596,-0.000629472970370719,0.0379810771237662,0.0721066953950445,-0.0292862123984536,0.0855124768597894,NA,-0.0117838399610556,0.118179448458595,0.0116543798874457,0.0365454799344792,0.000628635944372392,-0.0267538667872094,0.245257793237206,-0.0297743910413887,-0.0185488084140641,-0.00131814655860515,0.0332441026198496,0.0234321529579035,-0.0284320133858845,-0.00673137898286528,NA,-0.129287265541092,NA,-0.0336023511427771,-0.169740601362761,0.0665153290588549,0.307040709396035,NA,-0.00999144828027376,NA,0.656270864567253
80,0.132887626559087,0.250276419800847,0.81962284881363,0.324904870875981,0.117416326195043,0.0385524014113329,0.258569049143182,0.142391188594321,0.0253332185238971,0.371551145004499,0.119870290274977,0.072804760802689,0.209888633228668,0.0891948164226042,0.111908063189985,-0.0226111407773199,0.142520185149891,NA,0.145410898638256,0.000693623107187515,0.118278582459598,0.118158838189163,-0.0206081473806817,0.235763571972696,-0.0267975949598371,-0.0069123794799944,0.140084580301399,0.00527538945532148,0.0734637567135902,0.0299399049257526,0.00384596605939534,0.44820023792175,NA,NA,0.24033175203656,-0.0838342483008412,0.0350853503506285,NA,-0.169901661602486,0.0515479889307109,NA,-0.19215523530218
81,NA,0.00337453139054163,0.138339349367618,0.554399131324291,-0.00904303310392817,0.0337832745533423,0.257765463985942,0.267223755634321,0.038346080363901,0.203351578384062,0.180500549369138,0.0465970642495923,0.00261786431984089,0.0925584765939602,0.468601190370143,-0.0753326027921062,NA,NA,-0.111240502183659,0.0309310286725092,0.0803688150996186,0.380964053987439,-0.0546531146944472,0.203735347080464,-0.032865112086006,-0.0482770487603035,0.0302835993504041,0.0175199438521419,-0.0348022234139642,-0.021944729933764,0.147210506778276,NA,-0.0066530491941018,NA,0.159765192431751,-0.0311621416375038,0.0137523384205855,-0.158897784671502,0.00784822766698338,-0.0332539620162593,-0.155465795342854,0.338919360069264
82,NA,0.0611143243732294,-0.0627037465360803,0.171902373125323,0.103532245047811,-0.0032844655767227,0.153116035984009,0.127226861459994,-0.0281826559395969,0.0962267311075635,0.0159168692369343,0.0126021607698164,-0.0443953804048243,0.0203212657704132,0.0537660816133264,-0.00813018514532497,-0.0685512433523898,-0.0593808041699265,-0.071774457396257,-0.0050018522939462,0.146021928130361,-0.0270078130090932,-0.0762887316819586,0.145372868334022,-0.0655697199066848,-0.0521871114149796,-0.0674876523599427,-0.0317164381623913,-0.0598381061882357,-0.0314899259817315,0.136098129538398,-0.139938392545436,-0.0279136527489144,-0.0941306868047709,-0.0301957105127483,-0.0619492051373887,-0.0110074688655147,-0.0628740885435892,-0.00477669594533507,-0.031350900720462,-0.0307915635993413,0.0441677797022369
83,0.171509589729084,0.00709303406766594,-0.0395099833343899,0.342616019777182,-0.00937114276484181,0.0824660360059497,-0.1793267194284,NA,-0.0429897171997178,0.0921028160316339,NA,NA,0.00245360243749753,0.384665205326207,NA,-0.0072995750099136,-0.0474163218245926,0.0132468236053295,NA,-0.129904085733282,0.129758121046232,-0.171796522620376,NA,-0.0219099054964858,NA,NA,-0.0261211861678332,NA,NA,NA,-0.101314246789889,0.046828072187186,-0.0618735408813798,-0.0710017075412702,-0.0814435509039977,0.089258996323775,-0.0121043619757183,-0.0295214804873344,0.105049471814165,-0.0401204929155209,-0.0276668477391305,0.067972739844413
84,0.285459909265201,-0.0318010481565507,0.0694707314553213,0.278837457504521,0.166588387996773,-0.000308572402914994,0.139180849020362,0.3711563503144,-0.0327794128581372,0.203748770302474,0.135783351558645,-0.0462795968667297,-0.0125011894938606,0.0749028504181062,-0.097608245764784,-0.0470457201950731,0.00464756100433008,0.318965234204309,0.11330847319756,0.0170750069266563,0.350711127387968,0.0214517784846138,-0.054038065822411,0.214048218056778,-0.0348798802922106,-0.0322623281025765,-0.0592761219092387,0.00691870365652673,-0.0886248363566429,-0.0595640947748866,-0.0299759944981586,-0.0762874649688649,-0.0300710872788909,-0.046188175414484,0.0083357978096871,-0.0212084249952153,-0.00747812218546166,-0.0289856760763747,-0.0398037340784765,-0.064845728113612,-0.0116837138063135,0.100400134688194
85,0.131511181839745,0.288870314803416,0.447470056809079,0.374357711621856,0.365748551024556,0.282539648702859,0.494234481855597,0.329262963139798,0.244830311687732,0.488076292230271,0.336232308237729,0.287742412823358,0.265935884264486,0.398252372071015,0.261162751678659,0.253683241988858,0.329287644606047,0.378229675309201,0.509717273806632,0.286209672842323,0.315872916795295,0.334382980329568,0.190228990893085,0.357635008073316,0.197115044000003,0.155039477423424,0.152534223780596,0.248559902722943,0.190897096422556,0.176617003507416,0.0895296129647078,0.178245229853005,0.0577033878164259,0.139336564389288,0.0597311375711721,0.254160027558051,0.301543612270503,0.146997125045813,0.28144765977882,0.184246084283235,0.290399266668525,0.236247127629571
86,0.338277808260455,0.0958039044913814,0.0423600048657534,0.707117070385035,0.195887352490257,0.0239958980082744,0.331835006619699,0.168690512547188,-0.0163644204128193,0.917895720277839,-0.133146527413274,-0.00626829036003582,0.250294691142165,NA,0.0493677720727152,0.0654226451110491,0.13835260709044,0.191914884428163,NA,0.0700034990065873,0.331858091258822,0.0654971580353456,0.0227245679751865,0.381692330019834,0.0679902707686368,-0.0045137956199125,0.0264377071536833,0.0907158304589578,0.0573774513359503,-0.0156009431182915,-0.00307312682842794,0.0479491060685766,-0.0487234501619295,0.0156294451464943,0.055949621177016,0.0838466976540979,0.0207054885110601,-0.00981486625581069,0.0267016080498532,-0.0191609951139997,-0.00194604114606308,0.11434900782239
87,-0.0441048936465107,0.032845661690624,0.19316958581055,0.341263672946813,0.0708508344402201,0.0688318732109488,0.316247739721808,0.116885304197087,0.0376890272770697,0.173824187595784,0.0760695876586413,0.0476766169863555,0.0105283624962567,0.11299679143533,-0.0702327885096343,0.0605255699146781,0.1281832383639,NA,0.011212431604912,-0.0152590239237642,0.16259122230382,-0.121425143826908,-0.0424629532868977,0.291693406638811,-0.100920166477676,-0.0481391983070824,0.143272214891025,-0.0430051632153691,-0.00548327536953457,-0.0414380014447169,-0.191574195954461,-0.0469781819976902,0.495938033312822,NA,0.0256497502246237,-0.135819337940604,-0.0326845360050039,0.797005075586929,NA,0.0288580326601178,NA,-0.0103644558369946
88,0.491853905857092,0.178149166930048,0.231845503008988,0.253538874236858,0.137830494060556,0.126364242296677,0.295483915298389,0.0459370056899614,0.0638329029182367,0.302834424257944,0.242605892012766,0.103324324655553,0.225642628020145,0.112628749712289,0.00576360722672281,0.107712247517775,1.11832399852406,NA,-0.00767566624295279,0.117067097488407,0.135779333256682,NA,0.228271875304998,0.146316370836552,NA,0.124166222681354,-0.0688123690961647,0.231974124552,0.342121887535997,0.0527198624023157,-0.0435632620909519,NA,NA,NA,0.121433025606246,NA,0.588622083227914,-0.130943053480647,NA,-0.071951491232868,-0.141519671578074,0.197138737110187
89,0.243603837304966,0.0494925330788762,-0.0341359655738255,0.461364891279373,0.473699940697218,0.0515488009523037,0.189766996118317,NA,-0.0545280449402889,0.0963420332339034,NA,0.0293723753155452,-0.0804165954298675,0.166143298441907,0.0685285812731546,-0.0474746133121186,-0.0316536180903299,-0.0419875800860226,-0.0605094440875294,-0.115168046234409,0.0647600119018875,-0.0422162435459487,-0.12391306237393,0.219304658432144,0.0948405005680744,-0.0268042474290843,-0.00553002630889704,-0.0268611076708814,NA,NA,0.13418865818658,-0.0215220827902753,-0.0475230047424664,-0.00297797515411005,-0.0305764707779775,-0.0248002578691939,-0.0237506271255038,-0.0431694472610781,-0.0506891274743319,-0.0500650027816585,-0.0259124848484792,0.0312895874540774
90,0.735621815319148,0.668742145854405,0.426451768813911,0.580932478256087,0.581631032860082,0.116727480635593,0.555772167082208,0.59538445334203,0.250567393524042,0.798372756169151,0.174984075929228,0.302792207482723,0.334158167617539,0.402278205716337,0.228440794916944,0.268198887718484,0.40538709637881,0.631537492883362,0.715544213927458,0.285798367568952,0.620418880912975,0.161671759372523,0.33954334109974,0.280186438024858,0.0584446720591282,0.0197823918101549,0.347987479995805,0.730106321310705,0.127709911209392,0.0575662842579282,0.109462555771436,NA,NA,NA,NA,0.855153383317969,0.433362587247994,0.154925596310782,-0.173999285936237,0.119084747440062,-0.0421763030568134,NA
91,0.00658251887862238,-0.0192055308515741,-0.0388529553483865,0.267875995904797,0.104917851657769,-0.0376699787082363,0.130450970169344,0.454279455648796,-0.0520952748899325,-0.0748980656718788,NA,0.0545152430134774,-0.0381129433723155,0.0833590962333102,-0.110099510212336,-0.0713914040097529,-0.0254861062381601,-0.0212381088774293,0.0465403999626844,-0.0415986949053332,-0.0267086013119639,0.0708884649847658,-0.0227073615735798,0.114879431337551,-0.0430782285926673,-0.0566723799125529,-0.053600266121521,-0.0125509953154302,-0.0703590046476588,-0.0471852941697034,0.0722045676284189,-0.0292404705192015,-0.0755254764405914,-0.00515727058033241,-0.0373145270698428,-0.0186837561341161,-0.0410257201966798,-0.0879325617646963,-0.0408214834939421,-0.057995091197977,-0.0410745777497335,-0.00494946865527065
92,0.900742263203358,0.431298174245621,0.496314372795952,0.955404353960423,0.595518926235048,0.342029971685828,0.543636397777214,0.381674210974947,0.35926725232465,0.49290534138149,0.582951636453957,0.425331416764583,NA,0.170227966654453,0.20068117878701,0.201421836093804,0.539729466100495,0.769740479815089,0.668995804050356,0.0625703802896738,0.225114787048754,0.178428755691718,NA,0.886386293745373,0.178655867700575,0.212136176233532,NA,0.488106964629392,0.230415311734665,NA,NA,0.287986543105057,0.10781757661328,NA,NA,0.150579999712413,0.268055719787241,0.174100284193719,0.69096638082692,-0.0265385244118155,0.364992620089175,0.617836986028273
93,0.0653429789862138,0.152986439401669,0.147438321525358,0.441926100018606,0.167974987501503,0.175808944508894,0.161283647323106,0.162469645517367,0.117134796662579,0.458590393625189,0.224005428436726,0.169654088144742,0.220733620147386,0.255285908384189,0.20379342810225,0.180703686612556,0.230801013019255,0.194532383401388,0.50491774686103,0.186438182223882,0.352282462118567,0.182019056785722,0.0899559934872045,0.289639649330346,0.131279380533525,0.09197756068956,0.066591308318518,0.198696602554304,0.321937468480826,0.0717729746153403,0.14009555280992,0.0969109302545464,0.0163562883876165,0.128620606948273,0.16975736793647,0.0953522113886714,0.159124839759208,0.116621103026838,0.401243791613257,0.131899010493828,0.167939155749889,0.177267333886502
94,-0.0175934253675493,0.0748243030942803,-0.0269642995822451,0.168040025935854,0.273271784923932,-0.0499008524662925,0.168317597285718,-0.0360709267907137,0.0400227704319895,0.0690252657965553,NA,NA,-0.0382076760534558,-0.0211648234266787,-0.0705907267671422,-0.0182955086729484,-0.0405145158079153,-0.0395349650881011,0.0138377355374088,-0.154865400233498,-0.0104632666338847,-0.0222168931037417,0.113554377639842,0.144204181083141,-0.0831341294427847,-0.0533731397755097,-0.0612218871038003,-0.0936292994824952,-0.106562120095064,-0.10621870343088,-0.156108762326162,-0.0489953564824326,-0.0700591940464297,0.306866277349357,-0.0292631314500349,-0.0356960033998587,-0.0449054314826213,-0.0470246494231099,-0.0298315684623051,-0.047411036882415,-0.0610861931961447,0.074109028772567
95,0.648246562384071,0.198653031334324,0.725468842527758,1.96887369594055,0.594325004196566,0.229668686430811,0.586792963495756,0.229231586988242,0.157996315045249,0.949772268764756,0.324253144142917,0.127533513265529,0.492857165679328,0.259133300759748,0.530691187886686,0.305033082840748,0.431890340368183,0.610134132400211,0.583727315996618,0.303342053540456,0.328882008645698,1.57904484018437,0.158796572852407,2.52585742612279,0.82648400827766,0.555477987141601,0.0635203781215055,0.151628508834316,0.380832676205685,0.0518102285304122,0.376104405049124,0.629506951122964,0.204573941353247,0.175867654834315,0.195714239010555,1.67055462701924,0.44988378646706,0.742559654829009,0.933826271978594,0.570185218586636,1.28971189967287,0.961430630030839
96,NA,-0.0658461452431848,-0.0499245560818663,0.185642875980079,NA,-0.0541253956682033,NA,-0.0224937245453385,-0.0725544776516144,0.548333786916073,-0.146595936303422,-0.0463969101441552,0.0860640816412035,0.0997375770253035,NA,-0.108855836165374,-0.0532969006475838,0.10737822540819,NA,-0.0384514245647696,0.281752125597267,0.0589461929778387,-0.0533945311966037,0.140291912722649,-0.0352345579150235,-0.063288517348303,-0.0146999906133988,0.276507835086614,NA,-0.0214265611358918,NA,-0.0183898967678686,-0.0691232663258783,-0.0425109185495142,0.616016010993009,0.0756421351677354,-0.0467455773193003,-0.0654237513890547,-0.0285981921152071,-0.0579435571460499,-0.0582929863627138,0.000221398784130581
97,0.206760006103395,2.04075527923069,1.66445448461572,0.472388281313874,1.61586774248487,0.769850959771405,0.874207919551982,0.988562522381854,2.37963662183275,1.65378292636859,0.618299307048435,0.560452185105103,1.79083640450457,2.38741401194037,2.61108662648315,1.19986422366997,2.10650493373279,1.76624583159961,0.882332726198717,1.46717668968144,1.5062150922406,0.964313690364317,NA,NA,0.07285974028729,NA,-0.147590631693273,1.25870930842337,0.476197410531003,1.15728916849777,1.26949052769694,0.514995724404183,NA,1.80761465933789,NA,0.807671602701146,0.448618963072248,1.3417479329726,1.14536686716308,0.609066759867221,2.05885723002965,NA
98,NA,1.58575706916378,NA,0.687147440156232,0.562584698026284,0.19083278334058,0.865868111863611,0.311969314058588,NA,0.561897267523752,0.584992729787234,0.0988782797366154,0.567299038574473,0.501390044322994,NA,0.296093798520117,0.553044421588309,0.932724317348072,1.28287134846821,0.293857112782309,0.824204374414339,NA,0.628440957877254,NA,0.351867169837058,0.0256953785551786,-0.00830888724450871,NA,NA,0.103702506494195,0.0745367764165145,0.411316955158836,-0.023445310473854,0.965580719981387,0.0769681660022448,0.954914077188482,0.0350351101989733,NA,0.0941465381317447,-0.158822360998508,1.05278922695361,0.548998688802866
99,0.396435907802511,0.350358677733929,0.629507659962032,0.684111802401892,0.38479240767996,0.411460802743978,0.557389559624106,0.367758143503422,0.301657664601268,0.586157666395365,0.320966634982421,0.297415549808806,0.365020407652393,0.456175600897197,0.371113113981717,0.356229198416963,0.367475669897968,0.560010171136597,0.423291734471007,0.372557105669989,0.360406003178489,0.573081318147221,0.0747830627477522,0.795203989358737,0.270933338566826,0.274833814258656,0.415030883913541,0.238502604338158,0.265268101634308,0.176356277216957,0.320903282370029,0.341836285347194,NA,0.296279277860934,0.26942337690758,0.25702444766031,0.561522881211479,0.679599054923224,0.377833410580535,0.341138436129763,0.103288155659465,0.715573980399038
100,3.36358640068362,2.27471736430916,3.06339555279223,NA,3.45142206597672,2.3007570093195,3.61220564358622,3.58015314467346,2.29345950511531,2.24990670200985,2.36610094775013,2.39189063429661,2.67723583417867,1.448047897912,2.28907656842256,2.00215204481068,2.52741453746837,1.99018109127675,4.07419149728499,2.12937748198282,1.01023253305963,3.29930738167856,2.92281856802227,2.85211946161993,2.75943547632137,1.389728124598,2.92236577182608,2.95301060328245,2.71239977201479,2.08121433591533,2.84133644333966,1.99246232526235,2.10339854562404,1.36480394196699,1.54479061026645,2.89348362608341,1.55013804824341,1.01738720188795,2.43632772535338,1.53212996066776,2.37896572120994,3.55442671999306
