,BPD19H00_BB078_CD3-CD8+.fcs.density.fcs.cluster.fcs.anno.Rsave,BPD19H00_BB231_CD3-CD8+.fcs.density.fcs.cluster.fcs.anno.Rsave,BPD19H00_BC641_CD3-CD8+.fcs.density.fcs.cluster.fcs.anno.Rsave,BPD19H00_BD620_CD3-CD8+.fcs.density.fcs.cluster.fcs.anno.Rsave,PBD00H00_BB078_CD3-CD8+.fcs.density.fcs.cluster.fcs.anno.Rsave,PBD00H00_BB231_CD3-CD8+.fcs.density.fcs.cluster.fcs.anno.Rsave,PBD00H00_BD620_CD3-CD8+.fcs.density.fcs.cluster.fcs.anno.Rsave,PBD00H03_BB078_CD3-CD8+.fcs.density.fcs.cluster.fcs.anno.Rsave,PBD00H03_BB231_CD3-CD8+.fcs.density.fcs.cluster.fcs.anno.Rsave,PBD00H03_BC641_CD3-CD8+.fcs.density.fcs.cluster.fcs.anno.Rsave,PBD00H06_BB078_CD3-CD8+.fcs.density.fcs.cluster.fcs.anno.Rsave,PBD00H06_BB231_CD3-CD8+.fcs.density.fcs.cluster.fcs.anno.Rsave,PBD00H06_BC641_CD3-CD8+.fcs.density.fcs.cluster.fcs.anno.Rsave,PBD00H06_BD620_CD3-CD8+.fcs.density.fcs.cluster.fcs.anno.Rsave,PBD01H00_BB078_CD3-CD8+.fcs.density.fcs.cluster.fcs.anno.Rsave,PBD01H00_BB231_CD3-CD8+.fcs.density.fcs.cluster.fcs.anno.Rsave,PBD01H00_BC641_CD3-CD8+.fcs.density.fcs.cluster.fcs.anno.Rsave,PBD01H00_BD620_CD3-CD8+.fcs.density.fcs.cluster.fcs.anno.Rsave,PBD03H00_BB078_CD3-CD8+.fcs.density.fcs.cluster.fcs.anno.Rsave,PBD03H00_BB231_CD3-CD8+.fcs.density.fcs.cluster.fcs.anno.Rsave,PBD03H00_BD620_CD3-CD8+.fcs.density.fcs.cluster.fcs.anno.Rsave,PPD00H00_BB078_CD3-CD8+.fcs.density.fcs.cluster.fcs.anno.Rsave,PPD00H00_BB231_CD3-CD8+.fcs.density.fcs.cluster.fcs.anno.Rsave,PPD00H00_BD620_CD3-CD8+.fcs.density.fcs.cluster.fcs.anno.Rsave,PPD00H03_BB078_CD3-CD8+.fcs.density.fcs.cluster.fcs.anno.Rsave,PPD00H03_BB231_CD3-CD8+.fcs.density.fcs.cluster.fcs.anno.Rsave,PPD00H03_BC641_CD3-CD8+.fcs.density.fcs.cluster.fcs.anno.Rsave,PPD00H03_BD620_CD3-CD8+.fcs.density.fcs.cluster.fcs.anno.Rsave,PPD00H06_BB078_CD3-CD8+.fcs.density.fcs.cluster.fcs.anno.Rsave,PPD00H06_BB231_CD3-CD8+.fcs.density.fcs.cluster.fcs.anno.Rsave,PPD00H06_BC641_CD3-CD8+.fcs.density.fcs.cluster.fcs.anno.Rsave,PPD01H00_BB078_CD3-CD8+.fcs.density.fcs.cluster.fcs.anno.Rsave,PPD01H00_BB231_CD3-CD8+.fcs.density.fcs.cluster.fcs.anno.Rsave,PPD01H00_BC641_CD3-CD8+.fcs.density.fcs.cluster.fcs.anno.Rsave,PPD01H00_BD620_CD3-CD8+.fcs.density.fcs.cluster.fcs.anno.Rsave,PPD03H00_BB078_CD3-CD8+.fcs.density.fcs.cluster.fcs.anno.Rsave,PPD03H00_BB231_CD3-CD8+.fcs.density.fcs.cluster.fcs.anno.Rsave,PPD03H00_BC641_CD3-CD8+.fcs.density.fcs.cluster.fcs.anno.Rsave,PPD14H00_BB078_CD3-CD8+.fcs.density.fcs.cluster.fcs.anno.Rsave,PPD14H00_BB231_CD3-CD8+.fcs.density.fcs.cluster.fcs.anno.Rsave,PPD14H00_BC641_CD3-CD8+.fcs.density.fcs.cluster.fcs.anno.Rsave,PPD14H00_BD620_CD3-CD8+.fcs.density.fcs.cluster.fcs.anno.Rsave
count,0,6,20,11,1,9,10,0,4,352,0,0,4,0,0,3,21,3,1,4,4,0,0,0,0,0,0,0,0,0,3,0,0,2,0,0,0,1,0,1,1,0
mediansTime,NA,11.6338852047181,12.0823461876302,11.567034790707,12.4533670041634,12.3549149752685,11.5703697665684,NA,10.7090469414531,11.9519619085771,NA,NA,10.8009662565692,NA,NA,12.5005972543575,11.833430908122,12.4756263882816,12.5087472659746,10.9387861965965,12.3975239946535,NA,NA,NA,NA,NA,NA,NA,NA,NA,12.2098654437937,NA,NA,11.6732185818823,NA,NA,NA,9.2525566032996,NA,10.7717470326346,11.6623553049354,NA
mediansCell_length,NA,2.45607444624249,2.42379204358752,2.49177985264491,2.18742176068697,2.2724413273866,2.29243983432967,NA,2.09357005655227,2.35092571975091,NA,NA,2.16294529997458,NA,NA,2.23081417900093,2.18742176068697,2.0947125472611,2.18742176068697,2.24993005097986,2.40590168293608,NA,NA,NA,NA,NA,NA,NA,NA,NA,2.42379204358752,NA,NA,2.28295197591221,NA,NA,NA,2.49177985264491,NA,2.31243834127275,1.87986358439691,NA
mediansX.Rh103.Di,NA,-0.122297538783023,-0.0898672105213998,-0.0944916268728453,-0.186518616819626,-0.102596835103011,-0.147218379911447,NA,-0.15742989565324,-0.103254595785733,NA,NA,-0.0998305905460586,NA,NA,-0.142856561111764,-0.0977596227006065,-0.0918892543336797,-0.0061099052260572,-0.144656976617493,-0.0854615563594296,NA,NA,NA,NA,NA,NA,NA,NA,NA,-0.00748451814883356,NA,NA,-0.148721957677813,NA,NA,NA,-0.0632742943654679,NA,-0.060216382229612,-0.0139903422005792,NA
mediansX.Xe131.Di,NA,-0.0607174001744854,-0.0519239193229966,-0.0693600144585249,-0.163007426118608,-0.135916137181869,-0.118416520161108,NA,-0.0858354223711895,-0.084993407744677,NA,NA,-0.0686595939653392,NA,NA,-0.0284193614514169,-0.0937884894782236,-0.0827047127687123,-0.143178961901532,-0.141104127581654,-0.0835876029786133,NA,NA,NA,NA,NA,NA,NA,NA,NA,-0.103115107308565,NA,NA,-0.0248390343302544,NA,NA,NA,-0.082778423709703,NA,-0.103114466985587,-0.116399880462579,NA
mediansX.Cs133.Di,NA,-0.0645751466348663,-0.0868688843411568,-0.0601298975374215,-0.0384783558446248,-0.0275185184453916,-0.146155331846749,NA,-0.0600963497039109,-0.0990556290043034,NA,NA,-0.118776520806296,NA,NA,-0.0537528308877616,-0.093616730344916,-0.0693298317400198,-0.106372235129222,-0.122607770092261,-0.122527955006885,NA,NA,NA,NA,NA,NA,NA,NA,NA,-0.113567746030764,NA,NA,-0.079473892409328,NA,NA,NA,0.441252624679757,NA,-0.184218843648782,-0.0962967828373241,NA
mediansX.La139.Di,NA,-0.0268165336857488,-0.0406786532062466,-0.140382653882724,-0.107732562010114,0.120040652954549,0.0564606204843381,NA,0.135416919933045,-0.0510215466706007,NA,NA,-0.0855469440234069,NA,NA,0.213945324054379,0.0581415849459687,-0.0934607543107475,0.359386482510242,0.307930865616906,0.0391192407524031,NA,NA,NA,NA,NA,NA,NA,NA,NA,-0.0567621669461726,NA,NA,0.0807686980661858,NA,NA,NA,0.482506420107314,NA,0.160240133325639,0.445287988636172,NA
mediansX.Ce140.Di,NA,-0.10817358952537,-0.0992394173491508,-0.046257356134247,-0.14058470731266,-0.0333989839561952,-0.104685140711367,NA,-0.0867279630634861,-0.0818642850040223,NA,NA,-0.0653571189944608,NA,NA,-0.148599608855923,-0.0814338907014941,-0.125181954111481,-0.0279101791513085,-0.131407976345988,-0.0949749384489392,NA,NA,NA,NA,NA,NA,NA,NA,NA,-0.124740386012741,NA,NA,-0.104943203489815,NA,NA,NA,0.0726831643626846,NA,-0.13902932675069,-0.102770820915714,NA
mediansX.Pr141.Di_clust,NA,1.67449753137606,0.797893548646286,1.41686062011671,0.639416489529329,1.77662485187762,1.44730980089897,NA,1.88150953548124,1.41434427204922,NA,NA,1.38253305813275,NA,NA,3.1229868148223,1.72310224767587,0.53867719339,0.25958482867902,2.18118276866256,1.70582583938591,NA,NA,NA,NA,NA,NA,NA,NA,NA,1.56413040072095,NA,NA,1.01812764500113,NA,NA,NA,3.99156839629862,NA,3.14029288495774,0.404242533280901,NA
mediansX.Nd142.Di_clust,NA,0.258906728769274,0.172583965665903,0.300182825796005,0.182208525693258,0.458222423117123,0.240479073075215,NA,0.00430269617058515,0.293219806248704,NA,NA,0.112182191686291,NA,NA,0.247070757665427,0.112437949118906,-0.0498271342790862,0.501448404087005,0.32743711271314,0.26200654869624,NA,NA,NA,NA,NA,NA,NA,NA,NA,0.0357750810484118,NA,NA,0.336661574180654,NA,NA,NA,0.154925596310782,NA,0.119084747440062,1.02322607744008,NA
mediansX.Nd143.Di_clust,NA,0.197837786819927,0.291564990305371,0.454935689990572,0.440477674749287,0.185037386726738,0.14314095009066,NA,0.0183594569500167,0.157737924143704,NA,NA,0.204342297792943,NA,NA,-0.0297271365316031,0.253190347181146,0.432481783757947,-0.192045144608841,0.55796387671492,0.178055755397017,NA,NA,NA,NA,NA,NA,NA,NA,NA,0.959132680925074,NA,NA,0.157293385104008,NA,NA,NA,-0.174049767670765,NA,-0.152814643474629,0.153610141835039,NA
mediansX.Nd144.Di_clust,NA,2.51426498374853,2.20150663119225,3.06229631355172,3.26853245647658,2.62104859852144,3.36335092541772,NA,2.844445652726,2.69091379591793,NA,NA,3.23517859480917,NA,NA,2.2222582029096,2.43693638600182,2.63198725575081,2.34591299287862,2.4764053147938,2.30324536366489,NA,NA,NA,NA,NA,NA,NA,NA,NA,2.89590939459532,NA,NA,2.3995033552069,NA,NA,NA,1.78545037240127,NA,1.59335232672377,1.79221525820839,NA
mediansX.Nd145.Di_clust,NA,2.07061391223313,2.51964660751913,2.8188041137905,2.76564876936239,2.24975364735636,2.42631152330051,NA,1.84694495079532,2.45929932794674,NA,NA,2.28495856008835,NA,NA,2.02507500671157,2.4341403715691,2.37190781173572,2.49233345934181,2.4373461042914,2.16438730290555,NA,NA,NA,NA,NA,NA,NA,NA,NA,1.75633593430584,NA,NA,1.59834353338359,NA,NA,NA,2.32536827639963,NA,2.19927388539142,2.79824325084383,NA
mediansX.Nd146.Di_clust,NA,2.82251496760905,2.43750238204014,2.69377046935946,2.29830441984779,2.03899215446947,2.66140954726879,NA,2.15305741371456,2.36358261693383,NA,NA,1.7463980861805,NA,NA,2.15217476521525,2.53675999619965,2.54797920696943,2.30683208279023,1.99864107377826,2.05568779074944,NA,NA,NA,NA,NA,NA,NA,NA,NA,1.61272939156887,NA,NA,2.45855851186101,NA,NA,NA,2.61228130431005,NA,2.24192975156586,3.66561016006542,NA
mediansX.Sm147.Di_clust,NA,0.103377654842058,-0.0307800685668933,0.17020257144168,-0.027233709015971,0.117854614861632,0.0590706372527575,NA,0.206498397578663,0.093701996753941,NA,NA,0.13545766200954,NA,NA,0.145814215812283,0.0812231465347723,-0.0495015253428952,-0.0843939099198355,-0.0535542261192712,0.130888323041854,NA,NA,NA,NA,NA,NA,NA,NA,NA,0.666153318790113,NA,NA,0.0251275808382977,NA,NA,NA,0.793431311749354,NA,0.0462921905286191,-0.146023945067703,NA
mediansX.Nd148.Di_clust,NA,3.41284138751848,2.86789941466945,3.00075919041618,3.91217641130712,3.34303667492038,3.12173885604688,NA,4.28120411526869,3.16565954982807,NA,NA,2.97188772372817,NA,NA,3.05913829555179,2.3713632195465,2.71643333308873,2.50890786874279,2.97929543842232,2.93980640079561,NA,NA,NA,NA,NA,NA,NA,NA,NA,2.97857838032637,NA,NA,3.04787323249395,NA,NA,NA,2.15222962328197,NA,2.33047646339864,2.80526740034776,NA
mediansX.Sm149.Di_clust,NA,1.35726532869494,1.25066620858177,1.28474202611825,1.42078158215035,0.93429970355097,1.09090541701541,NA,1.13253696026098,0.996347635074666,NA,NA,1.59305861406703,NA,NA,1.21391739576582,1.03652788731498,0.975108055345733,0.743032835033982,1.01742355385021,0.95161157757634,NA,NA,NA,NA,NA,NA,NA,NA,NA,0.987694246066652,NA,NA,1.54847851718799,NA,NA,NA,2.83207882455544,NA,2.14513101988719,0.896542006126885,NA
mediansX.Nd150.Di_clust,NA,0.248978889191932,0.489964256161239,0.10393888340938,0.340854000511623,0.348409910439509,0.404542024548309,NA,0.674343229162324,0.303574545052371,NA,NA,0.42841225173692,NA,NA,0.568997154133941,1.07883517472289,0.613186087154915,0.0965419525536285,0.372202220918738,0.609449453740783,NA,NA,NA,NA,NA,NA,NA,NA,NA,1.11201271044819,NA,NA,0.340520700129248,NA,NA,NA,1.62318165683464,NA,1.61328742897959,1.17342166725331,NA
mediansX.Eu151.Di,NA,0.0949276109334752,-0.0588199263157074,-0.0531816813049902,-0.00759530960332281,-0.079748437192751,-0.0750491739203842,NA,-0.0705820308990815,-0.0532011771392087,NA,NA,-0.152168148641322,NA,NA,-0.044678952451713,-0.0740982877182104,-0.152343527346255,-0.0991675026020648,-0.128163231840005,-0.0461931146145846,NA,NA,NA,NA,NA,NA,NA,NA,NA,-0.195675734954234,NA,NA,0.0401464958984351,NA,NA,NA,-0.15031910672089,NA,-0.0712625508154921,-0.084550753946623,NA
mediansX.Sm152.Di_clust,NA,0.0542730064221599,0.099094616090819,0.0105375187518951,0.0815690124452772,-0.106286839949738,-0.0687859638196786,NA,-0.0279673698802809,0.0712234687378545,NA,NA,0.151411767681788,NA,NA,0.133118799885367,0.224807571140317,-0.0798517248619509,-0.155899516850134,0.020068799241833,0.0662700083544634,NA,NA,NA,NA,NA,NA,NA,NA,NA,0.313260155069173,NA,NA,0.0195540195767829,NA,NA,NA,0.389168930694024,NA,0.684937201697848,0.0268656717397609,NA
mediansX.Eu153.Di_clust,NA,3.22040650855116,3.03452270440163,2.83317699065047,2.26557746855941,2.17387363483956,2.47354950746624,NA,1.95774991848274,2.55845872452073,NA,NA,1.55677988168814,NA,NA,2.61516693053272,2.98718390115403,2.55111716861703,2.82322093484657,2.59476956094262,2.38974172422059,NA,NA,NA,NA,NA,NA,NA,NA,NA,1.34554660988566,NA,NA,2.51151142675296,NA,NA,NA,2.87210976366053,NA,2.95451171795281,2.44671607130396,NA
mediansX.Sm154.Di_clust,NA,1.27369762506203,1.9612122384637,2.02716318179327,1.78499854753966,0.50255664409434,2.07115782357632,NA,0.359548899635839,1.96062026202206,NA,NA,1.13999200923429,NA,NA,1.79079033949197,1.43907547819737,-0.11054560484376,2.36284351336928,1.17750847130756,1.7532744298125,NA,NA,NA,NA,NA,NA,NA,NA,NA,1.8281036040715,NA,NA,0.898092490981887,NA,NA,NA,1.46510435680182,NA,0.919700210037049,0.852314108669631,NA
mediansX.Gd155.Di_clust,NA,2.09867847424063,2.16235567318459,2.04054527861622,2.82786911892182,1.65086977586656,1.62641978408747,NA,2.15997344417262,2.32460931331775,NA,NA,2.67532810984204,NA,NA,1.37026807172888,2.04760590053338,1.7017508137483,2.69198219966842,1.23415154676865,1.82234437951706,NA,NA,NA,NA,NA,NA,NA,NA,NA,3.07613000065299,NA,NA,2.67348728054892,NA,NA,NA,0.989988890904517,NA,3.02699183777233,1.2099787903171,NA
mediansX.Gd156.Di_clust,NA,0.102425860896414,0.012806601820033,-0.00555050689557752,0.321846436026111,-0.0318049213289742,-0.0858501708913426,NA,0.019737851266026,0.112893656128274,NA,NA,0.502092844442453,NA,NA,0.297770276140534,0.0365491461515983,0.448135730345018,-0.013492252353927,-0.123246389059344,-0.0473499137350795,NA,NA,NA,NA,NA,NA,NA,NA,NA,-0.0627859344767259,NA,NA,0.0164031144788933,NA,NA,NA,0.331132478048588,NA,-0.196516653464204,-0.152608507054435,NA
mediansX.Gd158.Di,NA,-0.0572112373179616,-0.099221777026066,-0.0388537870782642,-0.0903732097869635,-0.00570221135372326,-0.0647940328631833,NA,-0.0975741404107422,-0.083999854344262,NA,NA,-0.047542863213496,NA,NA,-0.152819521667908,-0.0825671443458537,-0.137284721937235,-0.0283336487208463,-0.0957215417391381,-0.0199386929434279,NA,NA,NA,NA,NA,NA,NA,NA,NA,-0.157030353566658,NA,NA,-0.0751619159664352,NA,NA,NA,-0.0269125606630195,NA,-0.0262833522443845,-0.0705711655829238,NA
mediansX.Tb159.Di_clust,NA,-0.0202272115143861,-0.0808131898158829,-0.0919601345154485,-0.1157728611391,-0.0863679979611226,-0.111879233025296,NA,-0.067653162515714,-0.0680013701905597,NA,NA,-0.0845476401197342,NA,NA,0.0733525512451267,-0.0278429027086793,-0.0557602790598224,-0.102066201973584,-0.0574811146150243,-0.155265022474312,NA,NA,NA,NA,NA,NA,NA,NA,NA,-0.132499292895664,NA,NA,-0.195249162790425,NA,NA,NA,-0.0431139343748615,NA,-0.109134830050474,-0.0712848340137431,NA
mediansX.Gd160.Di_clust,NA,-0.052867409505649,0.0250130120943954,0.362901190124494,0.224995953491954,-0.081660896758671,0.30065768719734,NA,0.457299385487889,0.0741270312955851,NA,NA,0.425400390436665,NA,NA,0.0955638023304131,0.138734060308422,-0.0900440481942578,0.124985285364038,0.458115052883426,0.17346712490918,NA,NA,NA,NA,NA,NA,NA,NA,NA,-0.123203373875275,NA,NA,0.312938545094841,NA,NA,NA,0.42020764829724,NA,0.735384083944593,0.567234055695359,NA
mediansX.Dy161.Di_clust,NA,1.03026908249628,1.21382070521503,1.45114543002751,2.32103786811289,0.969259661331438,1.25231797175867,NA,0.939203576760817,1.07403402078991,NA,NA,0.723535300350506,NA,NA,1.43204404379733,1.38098256073555,1.55271394013617,0.375948675958465,1.25166789356389,0.571930015147449,NA,NA,NA,NA,NA,NA,NA,NA,NA,1.20282744532259,NA,NA,0.401196871183358,NA,NA,NA,0.453958973764608,NA,-0.138699264642495,0.708637320461401,NA
mediansX.Dy162.Di_clust,NA,1.16569803721803,0.857650703465759,0.924059596537457,1.72442559040949,1.90364267523709,0.75555935788959,NA,2.17046607648355,1.42833090818605,NA,NA,0.336346399986763,NA,NA,1.31449359437183,1.04818404453296,0.951254170461701,0.876478731082218,1.14247689935573,1.33755438188464,NA,NA,NA,NA,NA,NA,NA,NA,NA,1.41914940034339,NA,NA,2.34862723453799,NA,NA,NA,0.510815497964565,NA,1.03814302407577,1.34244129389205,NA
mediansX.Dy163.Di,NA,-0.0729498800097176,-0.0486567856132337,-0.0499075750164639,0.0801783136374524,-0.10591309064295,-0.0364833529959993,NA,0.0552521608308687,0.0192196940553998,NA,NA,0.241063667496489,NA,NA,0.058572049638644,0.0589791612148363,-0.00879876585366782,0.0281175845107719,-0.0913004436514289,-0.173262882645003,NA,NA,NA,NA,NA,NA,NA,NA,NA,0.136170520558457,NA,NA,0.0788306999948657,NA,NA,NA,-0.127392231250366,NA,-0.166036807127788,0.224438107831367,NA
mediansX.Dy164.Di_clust,NA,0.263913721220762,0.816057890988874,0.299863313660172,0.255426123453856,0.212682157925711,0.652196773820476,NA,1.31350184293035,0.789405395249711,NA,NA,1.00893107266444,NA,NA,-0.142914347010794,0.806391532413516,0.118250417958663,0.346073833075123,1.35809022404219,0.581423015047201,NA,NA,NA,NA,NA,NA,NA,NA,NA,0.375470042077195,NA,NA,0.371565336475531,NA,NA,NA,0.491577442885172,NA,0.606031890237761,0.118351798548047,NA
mediansX.Ho165.Di_clust,NA,0.276191503679118,0.43807611875651,0.241023143597196,0.460289231001632,0.155023716999423,0.250575705957596,NA,0.122902370281327,0.134113187106547,NA,NA,0.576102406083601,NA,NA,0.883951296426216,0.345686059940682,0.456701420328614,0.0150108571173243,0.537643219097707,0.572233511881973,NA,NA,NA,NA,NA,NA,NA,NA,NA,0.802192766358489,NA,NA,0.365991248119898,NA,NA,NA,0.637369905980683,NA,1.5032175613545,0.0429045759906121,NA
mediansX.Er166.Di_clust,NA,0.380380304834557,0.273794068596669,0.613232773300004,0.0424183436291814,0.272758938325208,0.0995353192674521,NA,0.208574189830925,0.50005089568111,NA,NA,0.72439995459577,NA,NA,0.851245210574446,0.673147455424229,-0.0792236378957536,0.336808691310389,0.294224225199939,1.57282255952619,NA,NA,NA,NA,NA,NA,NA,NA,NA,0.328552935116299,NA,NA,0.120234538794502,NA,NA,NA,1.03304860639972,NA,0.418982604110212,0.727483884748604,NA
mediansX.Er167.Di_clust,NA,2.37824996452613,2.46504788176407,1.33257417167125,2.46381847052898,2.47688241082424,2.13811417142914,NA,2.20369001557955,2.79552835649819,NA,NA,2.00470547081848,NA,NA,2.02116816150609,2.1753358477689,2.90853305359398,1.63577382080458,1.66474838603412,2.00999698649778,NA,NA,NA,NA,NA,NA,NA,NA,NA,2.37006349171172,NA,NA,2.18641884377907,NA,NA,NA,1.44320172980106,NA,1.33874609575781,3.27498832652341,NA
mediansX.Er168.Di_clust,NA,1.36543898325792,0.559072838819933,1.33916918343273,0.462453454957957,1.58390376818555,1.21912458250527,NA,1.64520150000149,1.30899778828036,NA,NA,0.460216003543054,NA,NA,1.10556274247958,0.531069654408683,0.25182724599259,0.175884166852017,1.15000964152905,1.23324083279985,NA,NA,NA,NA,NA,NA,NA,NA,NA,1.30527052677075,NA,NA,0.831068677698897,NA,NA,NA,0.657063718580255,NA,1.28965468401057,1.11751975095681,NA
mediansX.Tm169.Di_clust,NA,0.606629817703568,0.451550628006579,0.370381079484567,1.04645544847104,0.556305916988147,0.576975739987185,NA,0.575547232516301,0.436910265843455,NA,NA,0.391244155943906,NA,NA,0.669439904669708,0.544079706374342,0.315881542768143,0.310249622543435,0.537873594317784,0.0404641789219195,NA,NA,NA,NA,NA,NA,NA,NA,NA,0.402265122245567,NA,NA,0.932970525715761,NA,NA,NA,1.1871470085857,NA,0.293147780170447,-0.0572086078408813,NA
mediansX.Er170.Di_clust,NA,0.208751199667303,0.246531873489339,0.062525859593968,0.173906505962802,0.0727600060510371,0.262813120431865,NA,0.37347768810363,0.0711212633215279,NA,NA,0.379691362430251,NA,NA,0.241570954222071,0.165771530120535,-0.00501654875231971,-0.126333907569339,0.466414359800449,0.086939700384827,NA,NA,NA,NA,NA,NA,NA,NA,NA,0.168739265050025,NA,NA,0.0130686815714356,NA,NA,NA,1.34136136858067,NA,0.658434797060045,0.0483972748061585,NA
mediansX.Yb171.Di_clust,NA,1.92966813726387,2.37397020063459,3.08521720081685,2.50064232766085,1.84778317421593,2.64640168092702,NA,2.17719403435623,2.52295924137349,NA,NA,2.12134040781232,NA,NA,2.08881634945315,1.81697421205081,2.71830685301296,6.05098633692577,1.67406238144577,2.15542076323742,NA,NA,NA,NA,NA,NA,NA,NA,NA,1.35074933860068,NA,NA,1.6765905295764,NA,NA,NA,2.32482400774255,NA,2.33272133354614,0.669548803537914,NA
mediansX.Yb172.Di_clust,NA,3.5531659279734,3.80339407514361,3.60287443466692,1.38437479665549,3.1574576200778,3.5313123950599,NA,3.07051247150553,3.75543705437256,NA,NA,3.70173324714346,NA,NA,2.9770696946278,3.78948191579894,3.29012473895021,3.65440979569769,3.13388859548724,2.94702716079974,NA,NA,NA,NA,NA,NA,NA,NA,NA,3.44405922712399,NA,NA,3.50906715532249,NA,NA,NA,3.59058813637565,NA,3.28202987642868,3.44564889193901,NA
mediansX.Yb173.Di,NA,0.687438891984046,0.468048069111176,0.473138181186021,-0.128105355535846,0.393557732248209,0.250156213439483,NA,0.421144783782721,0.550005978993308,NA,NA,0.0995195861150769,NA,NA,-0.104917899080238,0.494948605206978,0.322845641688388,-0.137300015181028,0.169780424147543,0.341515863028387,NA,NA,NA,NA,NA,NA,NA,NA,NA,0.466668309926241,NA,NA,0.631333186974237,NA,NA,NA,0.260434171494542,NA,0.094585127767944,0.326754166701273,NA
mediansX.Yb174.Di_clust,NA,0.244267324487296,0.153242343920341,-0.029797563987643,-0.0219053273234573,-0.0229590093663475,-0.00731960236348593,NA,0.172696882020579,0.09946149491701,NA,NA,0.696957336473824,NA,NA,0.375055986061983,0.0897375129422898,-0.0611427324983014,-0.0258016329206662,0.310060927762942,0.125771740112838,NA,NA,NA,NA,NA,NA,NA,NA,NA,0.532715769542685,NA,NA,0.173524825590286,NA,NA,NA,0.0644907857983771,NA,1.72137907855314,-0.117721299161697,NA
mediansX.Lu175.Di_clust,NA,0.127577890536977,0.198651199669374,0.285035938395346,0.0874762399193108,0.252416597310513,0.336592908315963,NA,0.490714795964891,0.398095742106836,NA,NA,0.173268079029513,NA,NA,1.01903736200913,0.621772217166862,0.0806912560922348,-0.121751377472466,0.471686577649325,0.212902922641902,NA,NA,NA,NA,NA,NA,NA,NA,NA,1.03458981402259,NA,NA,0.440443767776828,NA,NA,NA,0.583975526602277,NA,0.418237507852575,-0.106469412101575,NA
mediansX.Lu176.Di_clust,NA,0.124587770473615,0.230925934868931,0.453942357232269,0.61609899058802,0.28084894387355,0.242465574197432,NA,-0.0703976331598179,0.132821537848255,NA,NA,0.182430434379349,NA,NA,0.459804731917245,0.133887231326908,-0.129738332213534,-0.0900434308104788,0.633884795916417,0.232795763794689,NA,NA,NA,NA,NA,NA,NA,NA,NA,0.627904425898904,NA,NA,0.280719310193326,NA,NA,NA,0.618981252081119,NA,0.806849647379969,-0.135108648060621,NA
mediansX.Ir191.Di,NA,4.21845238838237,3.79770081709691,4.64213527615707,3.17635739696891,3.01276014502438,3.70060105716352,NA,2.57103391007908,3.85020563093296,NA,NA,3.12650864900781,NA,NA,2.6144811843359,2.77259518197102,3.00737389724627,3.51112426342536,2.93597558710958,3.33876008346911,NA,NA,NA,NA,NA,NA,NA,NA,NA,4.0499747116863,NA,NA,3.22490667734837,NA,NA,NA,3.54740873133222,NA,3.31554698667751,3.30426092471351,NA
mediansX.Ir193.Di,NA,5.0620838764337,4.43441246506623,5.45972806891658,3.50158428361166,3.6323248978619,4.4148363213564,NA,3.44827759780041,4.61288997971928,NA,NA,3.68273554638103,NA,NA,3.63547407318129,3.49669377977893,4.03102980898989,3.87286787050373,3.51684595336699,4.07935979024917,NA,NA,NA,NA,NA,NA,NA,NA,NA,4.76487921896042,NA,NA,3.87778319142041,NA,NA,NA,4.572743359541,NA,4.23152489359792,4.08003088097464,NA
mediansFileNum,NA,0.212470987038084,0.210268159707086,0.19887575853665,0.402081917880452,0.213512480755656,0.203085698559523,NA,0.194250740471432,0.21175082787077,NA,NA,0.20338524369665,NA,NA,0.384328173578624,0.206036470081696,0.406654346488262,0.399140656972078,0.212515862326095,0.283273600775601,NA,NA,NA,NA,NA,NA,NA,NA,NA,0.211032576399223,NA,NA,0.193907919602315,NA,NA,NA,0.19614567069144,NA,0.20933115224923,0.215812615728777,NA
mediansdensity,NA,8.50317543749434,8.72039491941063,7.72982343278828,8.37258357117151,8.2494706650324,8.05718751701964,NA,8.76605051819229,7.77636740488112,NA,NA,7.99206589498784,NA,NA,9.1132125533889,9.4745183811357,8.20772900791298,8.53840662615386,8.9677846330592,8.46083450251948,NA,NA,NA,NA,NA,NA,NA,NA,NA,7.20251281970219,NA,NA,7.22925925739171,NA,NA,NA,7.51447302871832,NA,8.47836924278834,8.70893691404832,NA
raw_mediansTime,NA,283056,446171.5,263900,640278,580245,265250,NA,128703,387834.5,NA,NA,183588.5,NA,NA,671244,344456,654690,676737,150599.5,608939.5,NA,NA,NA,NA,NA,NA,NA,NA,NA,501900,NA,NA,293741,NA,NA,NA,26078,NA,119138,290293,NA
raw_mediansCell_length,NA,29,28,30,22,24,24.5,NA,20,26,NA,NA,22,NA,NA,23,22,20,22,23.5,27.5,NA,NA,NA,NA,NA,NA,NA,NA,NA,28,NA,NA,24.5,NA,NA,NA,30,NA,25,16,NA
raw_mediansX.Rh103.Di,NA,-0.613031148910522,-0.449943169951439,-0.473161518573761,-0.938009858131409,-0.513884603977203,-0.738754510879517,NA,-0.790482401847839,-0.517190843820572,NA,NA,-0.500093966722488,NA,NA,-0.716714799404144,-0.489577054977417,-0.460093110799789,-0.0305497162044048,-0.725819021463394,-0.427833631634712,NA,NA,NA,NA,NA,NA,NA,NA,NA,-0.0374229401350021,NA,NA,-0.746527224779129,NA,NA,NA,-0.31658262014389,NA,-0.301263898611069,-0.0699539929628372,NA
raw_mediansX.Xe131.Di,NA,-0.30386857688427,-0.259736582636833,-0.347078204154968,-0.818651378154755,-0.681674957275391,-0.593670308589935,NA,-0.429854318499565,-0.425478875637054,NA,NA,-0.343599081039429,NA,NA,-0.14211593568325,-0.469630241394043,-0.413995146751404,-0.718343317508698,-0.707881659269333,-0.418442815542221,NA,NA,NA,NA,NA,NA,NA,NA,NA,-0.516489684581757,NA,NA,-0.124235844239593,NA,NA,NA,-0.414364963769913,NA,-0.516486465930939,-0.583314538002014,NA
raw_mediansX.Cs133.Di,NA,-0.323100611567497,-0.434932962059975,-0.300830692052841,-0.192439258098602,-0.137609958648682,-0.733384132385254,NA,-0.300879217684269,-0.496088489890099,NA,NA,-0.595288634300232,NA,NA,-0.268893599510193,-0.468767672777176,-0.346926927566528,-0.53286474943161,-0.6146340072155,-0.615574955940247,NA,NA,NA,NA,NA,NA,NA,NA,NA,-0.569060146808624,NA,NA,-0.3981012403965,NA,NA,NA,2.27855801582336,NA,-0.926312863826752,-0.482228398323059,NA
raw_mediansX.La139.Di,NA,-0.134104106575251,-0.203449830412865,-0.70422101020813,-0.539705395698547,0.601645767688751,0.28301296196878,NA,0.690297774970531,-0.255218431353569,NA,NA,-0.428287923336029,NA,NA,1.0779060125351,0.290871739387512,-0.46798437833786,1.83586454391479,1.5832487642765,0.195897815749049,NA,NA,NA,NA,NA,NA,NA,NA,NA,-0.283963263034821,NA,NA,0.406885094940662,NA,NA,NA,2.50723910331726,NA,0.804633796215057,2.30074977874756,NA
raw_mediansX.Ce140.Di,NA,-0.542037189006805,-0.49702861905098,-0.231369271874428,-0.70524126291275,-0.167025968432426,-0.524422883987427,NA,-0.434245303273201,-0.409778863191605,NA,NA,-0.327103577554226,NA,NA,-0.7457355260849,-0.407619625329971,-0.627545773983002,-0.139569014310837,-0.658948332071304,-0.475591316819191,NA,NA,NA,NA,NA,NA,NA,NA,NA,-0.625320672988892,NA,NA,-0.526354864239693,NA,NA,NA,0.363735884428024,NA,-0.697388231754303,-0.514759123325348,NA
raw_mediansX.Pr141.Di_clust,NA,13.1539988517761,4.43720853328705,9.70419692993164,3.41943597793579,14.3516693115234,10.0442419052124,NA,16.0377941131592,9.6767578125,NA,NA,9.44257569313049,NA,NA,56.6752395629883,13.5584211349487,2.82554697990417,1.31254994869232,29.6776399612427,15.1532163619995,NA,NA,NA,NA,NA,NA,NA,NA,NA,11.4231195449829,NA,NA,7.0749477148056,NA,NA,NA,135.303161621094,NA,57.6684112548828,2.0767126083374,NA
raw_mediansX.Nd142.Di_clust,NA,1.31199070811272,0.867718458175659,1.52355706691742,0.916092097759247,2.37213468551636,1.21898886561394,NA,0.0215194970369339,1.48720115423203,NA,NA,0.565974065102637,NA,NA,1.24796068668365,0.563375055789948,-0.249238774180412,2.61364555358887,1.71795149147511,1.3336620926857,NA,NA,NA,NA,NA,NA,NA,NA,NA,0.178913563489914,NA,NA,1.90192201733589,NA,NA,NA,0.777730464935303,NA,0.596832036972046,6.05680561065674,NA
raw_mediansX.Nd143.Di_clust,NA,0.995654493570328,1.481221139431,2.35395812988281,2.27430057525635,0.930475533008575,0.718232870101929,NA,0.0927742719650269,0.791964292526245,NA,NA,1.04006956517696,NA,NA,-0.148657575249672,1.27952086925507,2.23045182228088,-0.966139018535614,2.99798303842545,0.905036620795727,NA,NA,NA,NA,NA,NA,NA,NA,NA,5.56551790237427,NA,NA,0.790173828601837,NA,NA,NA,-0.874649286270142,NA,-0.767050504684448,0.771074771881104,NA
raw_mediansX.Nd144.Di_clust,NA,30.6950521469116,22.3645763397217,53.324520111084,65.5867309570312,34.1935195922852,72.2517242431641,NA,42.9961795806885,36.6934623718262,NA,NA,63.8390083312988,NA,NA,22.7994556427002,28.376293182373,34.5735816955566,25.8676071166992,30.4848613739014,24.7669811248779,NA,NA,NA,NA,NA,NA,NA,NA,NA,45.1117630004883,NA,NA,27.3486986160278,NA,NA,NA,14.4863576889038,NA,11.7924308776855,14.5903615951538,NA
raw_mediansX.Nd145.Di_clust,NA,19.5473165512085,30.8752212524414,41.742805480957,39.5660247802734,23.4499340057373,28.0769462585449,NA,16.0400710105896,29.0278129577637,NA,NA,24.7302751541138,NA,NA,18.6117382049561,28.295841217041,26.5612945556641,30.0168418884277,28.3884334564209,22.0598917007446,NA,NA,NA,NA,NA,NA,NA,NA,NA,14.046257019043,NA,NA,12.0503435134888,NA,NA,NA,25.3317489624023,NA,22.2689476013184,40.8871650695801,NA
raw_mediansX.Nd146.Di_clust,NA,41.932731628418,28.3927707672119,36.7992515563965,24.6421394348145,18.8817558288574,35.6177463531494,NA,22.2952165603638,26.3372278213501,NA,NA,13.946469783783,NA,NA,21.2182941436768,31.398832321167,31.7575244903564,24.8574600219727,18.1193351745605,19.2451038360596,NA,NA,NA,NA,NA,NA,NA,NA,NA,12.042854309082,NA,NA,29.0081424713135,NA,NA,NA,33.8918571472168,NA,23.2630558013916,97.6359634399414,NA
raw_mediansX.Sm147.Di_clust,NA,0.517814144492149,-0.153941985219717,0.85512763261795,-0.136185377836227,0.590638160705566,0.295541010797024,NA,1.04047891497612,0.46919621527195,NA,NA,0.682664930820465,NA,NA,0.731657385826111,0.40656241774559,-0.247608721256256,-0.42247062921524,-0.26829196116887,0.657239571213722,NA,NA,NA,NA,NA,NA,NA,NA,NA,3.58263421058655,NA,NA,0.126855283975601,NA,NA,NA,4.39669942855835,NA,0.231543630361557,-0.732717216014862,NA
raw_mediansX.Nd148.Di_clust,NA,75.8179092407227,43.9363441467285,50.1276054382324,124.969184875488,70.6740493774414,56.8406505584717,NA,180.847160339355,59.1555080413818,NA,NA,48.7843208312988,NA,NA,53.155647277832,26.5465793609619,37.6504135131836,30.525354385376,49.4904136657715,51.4141426086426,NA,NA,NA,NA,NA,NA,NA,NA,NA,49.0224571228027,NA,NA,63.5041351318359,NA,NA,NA,21.2194900512695,NA,25.4639759063721,41.1775131225586,NA
raw_mediansX.Sm149.Di_clust,NA,9.81791162490845,8.03667974472046,8.34253406524658,9.74707508087158,5.38142347335815,6.60264110565186,NA,6.99390053749084,5.84791827201843,NA,NA,12.1634511947632,NA,NA,7.67403984069824,6.16181659698486,5.68575525283813,4.06658172607422,6.11519646644592,5.5502507686615,NA,NA,NA,NA,NA,NA,NA,NA,NA,5.78150463104248,NA,NA,12.0118255615234,NA,NA,NA,42.3045845031738,NA,21.0652694702148,5.10783624649048,NA
raw_mediansX.Nd150.Di_clust,NA,1.26015228033066,2.5501264333725,0.520630657672882,1.73746299743652,1.77750849723816,2.08478677272797,NA,3.95492172241211,1.54129660129547,NA,NA,2.208664894104,NA,NA,3.00100445747375,6.50315046310425,3.26170516014099,0.483459949493408,1.91439497470856,3.23986434936523,NA,NA,NA,NA,NA,NA,NA,NA,NA,6.77893877029419,NA,NA,1.76526719331741,NA,NA,NA,12.1798076629639,NA,12.0501327514648,7.30932331085205,NA
raw_mediansX.Eu151.Di,NA,0.477543442742899,-0.294308617711067,-0.26603376865387,-0.0379769131541252,-0.399164974689484,-0.37560747563839,NA,-0.353454403579235,-0.266131401062012,NA,NA,-0.76378920674324,NA,NA,-0.223469093441963,-0.370830565690994,-0.764667451381683,-0.496650606393814,-0.64263442158699,-0.231126744300127,NA,NA,NA,NA,NA,NA,NA,NA,NA,-0.984634160995483,NA,NA,0.202142328023911,NA,NA,NA,-0.754429221153259,NA,-0.356614410877228,-0.423257648944855,NA
raw_mediansX.Sm152.Di_clust,NA,0.271705109626055,0.496284857392311,0.0526885688304901,0.408297479152679,-0.532435357570648,-0.344201624393463,NA,-0.139857839792967,0.356418520212173,NA,NA,0.760824799537659,NA,NA,0.667561531066895,1.13352966308594,-0.399683058261871,-0.782658994197845,0.100955650210381,0.333013162016869,NA,NA,NA,NA,NA,NA,NA,NA,NA,1.59204411506653,NA,NA,0.0978174731135368,NA,NA,NA,1.9953351020813,NA,3.69881343841553,0.134344518184662,NA
raw_mediansX.Eu153.Di_clust,NA,62.5729560852051,51.876766204834,42.351390838623,23.8322944641113,21.6963500976562,29.4642028808594,NA,17.5331969261169,32.0961780548096,NA,NA,11.9872677326202,NA,NA,33.9908561706543,49.4483299255371,31.8585624694824,41.9289016723633,33.2998104095459,27.2460918426514,NA,NA,NA,NA,NA,NA,NA,NA,NA,8.94971942901611,NA,NA,30.7434139251709,NA,NA,NA,44.0442199707031,NA,47.8506126403809,28.6594409942627,NA
raw_mediansX.Sm154.Di_clust,NA,8.25486373901367,17.4182319641113,18.6520214080811,14.479434967041,2.61989974975586,20.304630279541,NA,1.84382224082947,17.4074258804321,NA,NA,7.78270769119263,NA,NA,14.5683994293213,9.94912147521973,-0.553854465484619,26.3173942565918,8.75237202644348,14.4548268318176,NA,NA,NA,NA,NA,NA,NA,NA,NA,15.1533946990967,NA,NA,7.77797068655491,NA,NA,NA,10.2423524856567,NA,5.27474927902222,4.79660081863403,NA
raw_mediansX.Gd155.Di_clust,NA,20.2283687591553,21.4430103302002,18.9121150970459,42.1256294250488,12.5490694046021,12.8969707489014,NA,21.5008535385132,25.312159538269,NA,NA,36.3122692108154,NA,NA,9.20591735839844,19.0507068634033,13.2529392242432,36.7328987121582,11.8610251545906,16.6982345581055,NA,NA,NA,NA,NA,NA,NA,NA,NA,54.070556640625,NA,NA,39.1605701446533,NA,NA,NA,5.79905939102173,NA,51.4665107727051,7.63802480697632,NA
raw_mediansX.Gd156.Di_clust,NA,0.513619303703308,0.0640625357627869,-0.0277526769787073,1.63715851306915,-0.159051418304443,-0.430059671401978,NA,0.0991301834583282,0.565670907497406,NA,NA,2.65532314777374,NA,NA,1.51095116138458,0.182786419987679,2.31643295288086,-0.0674633085727692,-0.618432924151421,-0.236939780414104,NA,NA,NA,NA,NA,NA,NA,NA,NA,-0.31413596868515,NA,NA,0.0828083455562592,NA,NA,NA,1.68608558177948,NA,-0.988919854164124,-0.766007781028748,NA
raw_mediansX.Gd158.Di,NA,-0.286281399428844,-0.496940657496452,-0.194317817687988,-0.452481389045715,-0.0285112112760544,-0.32428228110075,NA,-0.488661155104637,-0.420493364334106,NA,NA,-0.237880032509565,NA,NA,-0.767075181007385,-0.413304954767227,-0.688581824302673,-0.141687199473381,-0.479341357946396,-0.0997148281894624,NA,NA,NA,NA,NA,NA,NA,NA,NA,-0.788382530212402,NA,NA,-0.376163527369499,NA,NA,NA,-0.134579047560692,NA,-0.131431892514229,-0.35314878821373,NA
raw_mediansX.Tb159.Di_clust,NA,-0.101145677268505,-0.404510334134102,-0.460449010133743,-0.580158293247223,-0.432377070188522,-0.560564935207367,NA,-0.339050509035587,-0.340268954634666,NA,NA,-0.423250168561935,NA,NA,0.367091745138168,-0.139232501387596,-0.27894589304924,-0.511217534542084,-0.287723191082478,-0.779449015855789,NA,NA,NA,NA,NA,NA,NA,NA,NA,-0.664436638355255,NA,NA,-0.982460826635361,NA,NA,NA,-0.21563646197319,NA,-0.546757996082306,-0.356726109981537,NA
raw_mediansX.Gd160.Di_clust,NA,-0.265036400407553,0.125078663229942,1.85459661483765,1.13449549674988,-0.40875843167305,1.52670240402222,NA,2.63215116970241,0.370974957942963,NA,NA,2.19178187847137,NA,NA,0.478546619415283,0.69589763879776,-0.45082888007164,0.626554727554321,2.38330322504044,0.892165787518024,NA,NA,NA,NA,NA,NA,NA,NA,NA,-0.617576479911804,NA,NA,1.59497421979904,NA,NA,NA,2.16341805458069,NA,4.01740455627441,2.99072766304016,NA
raw_mediansX.Dy161.Di_clust,NA,6.16644239425659,7.68734002113342,10.084246635437,25.2201728820801,5.64157104492188,8.0481128692627,NA,5.65843725204468,6.46384286880493,NA,NA,4.74585987627506,NA,NA,9.87107276916504,9.31869411468506,11.2815036773682,1.92433702945709,10.4838600158691,3.01858854293823,NA,NA,NA,NA,NA,NA,NA,NA,NA,7.57293462753296,NA,NA,2.38897934556007,NA,NA,NA,2.34856152534485,NA,-0.695721983909607,3.84726715087891,NA
raw_mediansX.Dy162.Di_clust,NA,7.33763766288757,4.86132335662842,5.30648326873779,13.5775566101074,16.4031715393066,4.1484899520874,NA,21.7196607589722,9.83016395568848,NA,NA,1.71598476171494,NA,NA,8.6356372833252,6.25473165512085,5.5067458152771,4.96544790267944,7.21011114120483,8.87506484985352,NA,NA,NA,NA,NA,NA,NA,NA,NA,9.72920799255371,NA,NA,28.6381711959839,NA,NA,NA,2.66660928726196,NA,6.17464113235474,8.91792774200439,NA
raw_mediansX.Dy163.Di,NA,-0.365172386169434,-0.243380352854729,-0.249641478061676,0.401321232318878,-0.530556082725525,-0.182471483945847,NA,0.28205069899559,0.0961043871939182,NA,NA,1.22244185209274,NA,NA,0.293027728796005,0.295066803693771,-0.0439943969249725,0.140606448054314,-0.458246290683746,-0.870675444602966,NA,NA,NA,NA,NA,NA,NA,NA,NA,0.682958662509918,NA,NA,0.400879591703415,NA,NA,NA,-0.638685405254364,NA,-0.834003746509552,1.13163554668427,NA
raw_mediansX.Dy164.Di_clust,NA,1.33495539426804,4.54862356185913,1.5218870639801,1.29106318950653,1.07144594192505,3.50455915927887,NA,9.92009925842285,4.36993670463562,NA,NA,6.46706283092499,NA,NA,-0.717006683349609,4.48336219787598,0.592630982398987,1.76511681079865,9.29676032066345,3.19297748804092,NA,NA,NA,NA,NA,NA,NA,NA,NA,1.92177295684814,NA,NA,1.90327256917953,NA,NA,NA,2.55808091163635,NA,3.21907901763916,0.593141436576843,NA
raw_mediansX.Ho165.Di_clust,NA,1.41804754734039,2.26301968097687,1.21681761741638,2.38357782363892,0.778226971626282,1.26935097575188,NA,0.616638317704201,0.672577917575836,NA,NA,3.09269845485687,NA,NA,5.01824378967285,1.76306080818176,2.36371994018555,0.0750571042299271,2.88895899057388,3.05539214611053,NA,NA,NA,NA,NA,NA,NA,NA,NA,4.45520401000977,NA,NA,1.90374785661697,NA,NA,NA,3.40704607963562,NA,10.6842975616455,0.214588701725006,NA
raw_mediansX.Er166.Di_clust,NA,1.94889003038406,1.38990920782089,3.26198387145996,0.21215532720089,1.38076817989349,0.498507902026176,NA,1.05912181735039,2.60576438903809,NA,NA,3.98644423484802,NA,NA,4.78919744491577,3.62574338912964,-0.39653268456459,1.71606421470642,1.52674347162247,11.675386428833,NA,NA,NA,NA,NA,NA,NA,NA,NA,1.67247986793518,NA,NA,0.603609055280685,NA,NA,NA,6.13424491882324,NA,2.15674567222595,3.96685743331909,NA
raw_mediansX.Er167.Di_clust,NA,27.1169338226318,29.2132720947266,8.81747913360596,29.161205291748,29.5502243041992,20.9156103134155,NA,22.4279737472534,40.7765960693359,NA,NA,18.392774105072,NA,NA,18.5365886688232,21.7289295196533,45.6883354187012,12.346568107605,14.6492583751678,18.6176543235779,NA,NA,NA,NA,NA,NA,NA,NA,NA,26.5114917755127,NA,NA,28.8778867721558,NA,NA,NA,9.99515151977539,NA,8.88020896911621,66.0127487182617,NA
raw_mediansX.Er168.Di_clust,NA,9.32801985740662,2.9470556974411,8.884521484375,2.39557123184204,11.671932220459,7.7265419960022,NA,12.475555896759,8.58108949661255,NA,NA,2.41870927810669,NA,NA,6.7247486114502,2.78193712234497,1.27248692512512,0.883962035179138,7.45714640617371,8.04673862457275,NA,NA,NA,NA,NA,NA,NA,NA,NA,8.54396915435791,NA,NA,6.43509604409337,NA,NA,NA,3.52687096595764,NA,8.39041614532471,6.82542991638184,NA
raw_mediansX.Tm169.Di_clust,NA,3.23992097377777,2.33775162696838,1.89453816413879,6.24089908599854,2.92723560333252,3.04812300205231,NA,3.10044240951538,2.25471949577332,NA,NA,2.07388782501221,NA,NA,3.60286951065063,2.85661578178406,1.60580492019653,1.5762540102005,2.91302275657654,0.202616892755032,NA,NA,NA,NA,NA,NA,NA,NA,NA,2.06601071357727,NA,NA,5.5048645734787,NA,NA,NA,7.431565284729,NA,1.48682248592377,-0.28619909286499,NA
raw_mediansX.Er170.Di_clust,NA,1.06660690903664,1.24526363611221,0.312833040952682,0.873922109603882,0.364121109247208,1.33228892087936,NA,1.91189497709274,0.355906203389168,NA,NA,1.94538241624832,NA,NA,1.21963679790497,0.832659065723419,-0.0250828489661217,-0.633351147174835,2.42017340660095,0.436336394399405,NA,NA,NA,NA,NA,NA,NA,NA,NA,0.847705781459808,NA,NA,0.0656010359525681,NA,NA,NA,8.90689182281494,NA,3.5352635383606,0.242080852389336,NA
raw_mediansX.Yb171.Di_clust,NA,17.8166790008545,26.6180591583252,54.5662422180176,30.2707233428955,15.4703760147095,35.1108016967773,NA,23.0000519752502,30.9630212783813,NA,NA,20.5838527679443,NA,NA,19.8787937164307,14.9767379760742,37.7216377258301,1061.32299804688,13.6929068565369,22.158935546875,NA,NA,NA,NA,NA,NA,NA,NA,NA,9.00317764282227,NA,NA,13.2971568107605,NA,NA,NA,25.317699432373,NA,25.5222949981689,3.60354065895081,NA
raw_mediansX.Yb172.Di_clust,NA,87.8307304382324,112.078708648682,91.6908493041992,9.35462188720703,58.6705322265625,85.3491249084473,NA,54.0236282348633,106.823886871338,NA,NA,101.23356628418,NA,NA,48.948169708252,110.52717590332,67.0224075317383,96.5470733642578,57.372386932373,48.5232429504395,NA,NA,NA,NA,NA,NA,NA,NA,NA,78.2046890258789,NA,NA,88.4403781890869,NA,NA,NA,90.5695266723633,NA,66.4805526733398,78.3293609619141,NA
raw_mediansX.Yb173.Di,NA,3.7288054227829,2.42669296264648,2.45494794845581,-0.642280161380768,2.01898121833801,1.26412391662598,NA,2.168532371521,2.89079296588898,NA,NA,0.506706267595291,NA,NA,-0.525552451610565,2.57702922821045,1.64241635799408,-0.688659012317657,0.85685695707798,1.76269310712814,NA,NA,NA,NA,NA,NA,NA,NA,NA,2.41896080970764,NA,NA,3.44262802600861,NA,NA,NA,1.31694102287292,NA,0.473631113767624,1.66299891471863,NA
raw_mediansX.Yb174.Di_clust,NA,1.24161642789841,0.769241780042648,-0.149009868502617,-0.109535396099091,-0.11480513215065,-0.0366901457309723,NA,0.900551378726959,0.49812787771225,NA,NA,3.90549743175507,NA,NA,1.91955518722534,0.449290007352829,-0.305904179811478,-0.129022479057312,1.57939922809601,0.630526572465897,NA,NA,NA,NA,NA,NA,NA,NA,NA,2.79135966300964,NA,NA,0.887399710714817,NA,NA,NA,0.322677493095398,NA,13.5335397720337,-0.589966952800751,NA
raw_mediansX.Lu175.Di_clust,NA,0.639650762081146,1.00541596114635,1.44455647468567,0.43793922662735,1.27552783489227,1.71496295928955,NA,2.57817018032074,2.04347217082977,NA,NA,0.871284961700439,NA,NA,6.02396059036255,3.31308364868164,0.403894245624542,-0.610261976718903,2.76329378783703,1.07554802298546,NA,NA,NA,NA,NA,NA,NA,NA,NA,6.14644908905029,NA,NA,2.32377803325653,NA,NA,NA,3.08869028091431,NA,2.15268898010254,-0.533353388309479,NA
raw_mediansX.Lu176.Di_clust,NA,0.628114268183708,1.16592535376549,2.34846973419189,3.27910852432251,1.42277789115906,1.22514760494232,NA,-0.352281838655472,0.666062325239182,NA,NA,0.920255839824677,NA,NA,2.38089442253113,0.671437978744507,-0.650512993335724,-0.450825780630112,3.38696765899658,1.19178952276707,NA,NA,NA,NA,NA,NA,NA,NA,NA,3.34992742538452,NA,NA,1.55134972929955,NA,NA,NA,3.29635620117188,NA,4.48643922805786,-0.677600383758545,NA
raw_mediansX.Ir191.Di,NA,169.799407958984,111.455848693848,259.390106201172,59.7939567565918,50.7357940673828,101.117321014404,NA,32.5431079864502,117.453804016113,NA,NA,57.4006118774414,NA,NA,33.9673042297363,39.8440093994141,50.4619293212891,83.6400756835938,47.7824630737305,73.2548027038574,NA,NA,NA,NA,NA,NA,NA,NA,NA,143.44645690918,NA,NA,63.0269546508789,NA,NA,NA,86.7360610961914,NA,68.7528457641602,67.9792098999023,NA
raw_mediansX.Ir193.Di,NA,395.898864746094,210.728271484375,587.573120117188,82.8445205688477,94.4353561401367,206.663604736328,NA,78.578067779541,251.912658691406,NA,NA,101.031448364258,NA,NA,94.7336349487305,82.4396209716797,140.752807617188,120.148193359375,87.5611133575439,155.319564819336,NA,NA,NA,NA,NA,NA,NA,NA,NA,293.271057128906,NA,NA,121.909130096436,NA,NA,NA,241.997497558594,NA,172.018920898438,147.825973510742,NA
raw_mediansFileNum,NA,1.0703706741333,1.05910509824753,1.00094664096832,2.06501960754395,1.07569217681885,1.02243077754974,NA,0.977375984191895,1.0666840672493,NA,NA,1.02396845817566,NA,NA,1.96929848194122,1.03748655319214,2.08977651596069,2.04911732673645,1.070596575737,1.44251844286919,NA,NA,NA,NA,NA,NA,NA,NA,NA,1.0630122423172,NA,NA,0.97565233707428,NA,NA,NA,0.987029075622559,NA,1.05431652069092,1.08745884895325,NA
raw_mediansdensity,NA,12326,15316.5,5688,10817,9564,7891,NA,16032,5959,NA,NA,7393.5,NA,NA,22686,32559,9173,12768,19615.5,11815,NA,NA,NA,NA,NA,NA,NA,NA,NA,3357,NA,NA,3448,NA,NA,NA,4586,NA,12024,15142,NA
cvsTime,NA,7.03686618562464,9.70335916111149,7.83908238832213,NA,3.54628571755052,6.71687679327326,NA,9.87284793216691,10.0450403227466,NA,NA,16.3779134267817,NA,NA,4.38858613181866,11.1661327294831,12.3342756297837,NA,10.9824442652957,10.5993973844151,NA,NA,NA,NA,NA,NA,NA,NA,NA,15.7835412912303,NA,NA,0.526603668691626,NA,NA,NA,NA,NA,NA,NA,NA
cvsCell_length,NA,5.95349299825058,8.70999254943758,7.43149387128656,NA,6.10545798072603,6.96796141132432,NA,4.24504745811563,7.04616633605407,NA,NA,13.3636975453578,NA,NA,4.67588570296356,10.1953430582959,8.66019367762196,NA,9.78582872475298,7.45980781875867,NA,NA,NA,NA,NA,NA,NA,NA,NA,2.1651305692883,NA,NA,8.7245783500275,NA,NA,NA,NA,NA,NA,NA,NA
cvsX.Rh103.Di,NA,54.904927992306,66.209151416397,54.7110090841907,NA,57.3254571101097,49.6668947509122,NA,49.8459677337159,67.2689463610757,NA,NA,44.5482163100268,NA,NA,74.3746694430399,53.2940735677438,71.0798384545396,NA,45.8581557236514,71.0675308236703,NA,NA,NA,NA,NA,NA,NA,NA,NA,64.2440506544882,NA,NA,20.4845235803622,NA,NA,NA,NA,NA,NA,NA,NA
cvsX.Xe131.Di,NA,131.985257807545,21715.0952396786,512.236502996639,NA,29.0550535087398,57.8383920624135,NA,59.3475970948336,233.994569042557,NA,NA,90.5423013050428,NA,NA,261.457631902757,110.503455275515,59.3614967113829,NA,686.235950065526,62.233860282025,NA,NA,NA,NA,NA,NA,NA,NA,NA,14.9595474861384,NA,NA,120.676952700719,NA,NA,NA,NA,NA,NA,NA,NA
cvsX.Cs133.Di,NA,72.6340352044889,163.66630163335,611.153705155068,NA,114.46543116746,43.5038523909585,NA,98.2635474234014,109.636527084916,NA,NA,38.3391048340484,NA,NA,86.7587799806463,73.6369104006645,54.2452756771581,NA,51.9455851752276,82.7560892452816,NA,NA,NA,NA,NA,NA,NA,NA,NA,55.5981250912415,NA,NA,70.625341593289,NA,NA,NA,NA,NA,NA,NA,NA
cvsX.La139.Di,NA,626.242914703458,278.504455633365,329.00758271431,NA,248.394251389817,182.64794225624,NA,158.304721070973,1132.7147898344,NA,NA,32.833986701643,NA,NA,118.125549514063,185.679065644985,287.146788055515,NA,98.9430626623901,451.491255430469,NA,NA,NA,NA,NA,NA,NA,NA,NA,49.6583098078715,NA,NA,198.562274734339,NA,NA,NA,NA,NA,NA,NA,NA
cvsX.Ce140.Di,NA,62.4130619303732,191.575087864714,209.945545990789,NA,162.608302360903,1233.03681173672,NA,79.8986720647994,187.365348652131,NA,NA,991.628661536877,NA,NA,178.7289802904,925.656622597585,40.4716880274812,NA,20.884580542379,75.7470025742965,NA,NA,NA,NA,NA,NA,NA,NA,NA,61.3549821146747,NA,NA,68.2940253394762,NA,NA,NA,NA,NA,NA,NA,NA
cvsX.Pr141.Di_clust,NA,35.6653829496806,69.1741447944174,33.9907292725454,NA,48.7506516623563,41.2750848324385,NA,39.8860625245557,44.7618239092427,NA,NA,76.9242377047303,NA,NA,43.3787491281773,52.5102047792277,43.9059240684832,NA,61.0947619354753,54.4766493111858,NA,NA,NA,NA,NA,NA,NA,NA,NA,86.0745916882048,NA,NA,81.2156036053623,NA,NA,NA,NA,NA,NA,NA,NA
cvsX.Nd142.Di_clust,NA,109.141802041063,185.71063034849,81.1884707019624,NA,125.500245083509,91.7534711341095,NA,222.378096134409,115.768191835762,NA,NA,183.161979524229,NA,NA,23.2874913716565,133.787035397263,225.718170993516,NA,140.341406498346,113.15024491297,NA,NA,NA,NA,NA,NA,NA,NA,NA,189.428707441498,NA,NA,194.224331379116,NA,NA,NA,NA,NA,NA,NA,NA
cvsX.Nd143.Di_clust,NA,92.3518779537786,89.9508596010805,89.2008815532894,NA,100.531733029458,164.487172841069,NA,456.220301679346,132.128607411495,NA,NA,99.9995250889785,NA,NA,77.0603514016113,107.413254776094,58.5990769494586,NA,62.0779856591358,145.448290578853,NA,NA,NA,NA,NA,NA,NA,NA,NA,40.1361850251881,NA,NA,30.6816562350001,NA,NA,NA,NA,NA,NA,NA,NA
cvsX.Nd144.Di_clust,NA,11.2907019268931,32.7311292277666,10.2752797449399,NA,19.4690883192722,15.9347915178308,NA,17.2238497278738,18.0437980165139,NA,NA,12.4816968545333,NA,NA,15.9717859007872,26.8158936459239,0.807332521169411,NA,25.5247510892423,20.5039917204347,NA,NA,NA,NA,NA,NA,NA,NA,NA,26.245613408815,NA,NA,2.82328664770572,NA,NA,NA,NA,NA,NA,NA,NA
cvsX.Nd145.Di_clust,NA,10.8430797405209,19.8411444457996,14.1694637717113,NA,13.0212330908702,14.8769313734646,NA,34.4867024964939,20.3914398901549,NA,NA,21.7942191030829,NA,NA,41.2033589553182,17.9716875656394,14.0156033657683,NA,9.74075298990265,35.3960218468375,NA,NA,NA,NA,NA,NA,NA,NA,NA,25.6974388181889,NA,NA,15.9774519257104,NA,NA,NA,NA,NA,NA,NA,NA
cvsX.Nd146.Di_clust,NA,10.8653985879004,21.2756437977213,14.8940121727583,NA,25.7554553449468,16.4586966413443,NA,31.8159260364356,20.1237897366518,NA,NA,25.9364766357055,NA,NA,5.94672893377116,18.2060028473669,8.519992464501,NA,23.5468543427722,22.2331765624836,NA,NA,NA,NA,NA,NA,NA,NA,NA,22.5449492102104,NA,NA,0.70192079179653,NA,NA,NA,NA,NA,NA,NA,NA
cvsX.Sm147.Di_clust,NA,69.6810133824618,470.372783726306,115.209343237212,NA,168.214883150958,273.842684346336,NA,101.373275359871,186.195221926054,NA,NA,160.064988791296,NA,NA,95.7510114222648,298.664055347294,641.580231181939,NA,914.245321888867,165.968429073369,NA,NA,NA,NA,NA,NA,NA,NA,NA,49.1793481141869,NA,NA,778.559248169531,NA,NA,NA,NA,NA,NA,NA,NA
cvsX.Nd148.Di_clust,NA,13.1705361220651,39.4378153904255,11.5894740072626,NA,20.3535910584274,24.5939690418229,NA,4.70922562211122,21.3265581528025,NA,NA,24.5958270045674,NA,NA,14.2655032906611,35.7798439725153,34.4134551552565,NA,32.403449302139,35.7769008705495,NA,NA,NA,NA,NA,NA,NA,NA,NA,23.3453220241869,NA,NA,29.4502576161937,NA,NA,NA,NA,NA,NA,NA,NA
cvsX.Sm149.Di_clust,NA,43.1909566697501,53.473466432047,33.9502867486725,NA,52.3741237620817,37.4194873429793,NA,73.4534496281067,54.4466186396613,NA,NA,43.1780225241484,NA,NA,42.3191308763611,65.2166711115972,39.4365603904788,NA,59.4452665647965,46.7298743789549,NA,NA,NA,NA,NA,NA,NA,NA,NA,8.02520271668241,NA,NA,33.8996758017437,NA,NA,NA,NA,NA,NA,NA,NA
cvsX.Nd150.Di_clust,NA,114.009610232831,79.9142660693777,147.517539515431,NA,86.1524962095486,68.4510404820413,NA,112.862953971757,111.836137442892,NA,NA,75.1382926292557,NA,NA,127.568924840226,73.3879341837059,108.350635168312,NA,91.496797007379,57.7452834580529,NA,NA,NA,NA,NA,NA,NA,NA,NA,61.5958710697355,NA,NA,76.5505339762176,NA,NA,NA,NA,NA,NA,NA,NA
cvsX.Eu151.Di,NA,195.273049621464,253.915341145957,106.365291050138,NA,443.79976657218,154.779889575797,NA,86.1550276180745,944.721237983069,NA,NA,23.2898444506747,NA,NA,370.420950294638,1862.20439655543,31.7769209851519,NA,226.714668564367,325.046262842983,NA,NA,NA,NA,NA,NA,NA,NA,NA,87.6135721765692,NA,NA,409.1556646286,NA,NA,NA,NA,NA,NA,NA,NA
cvsX.Sm152.Di_clust,NA,623.148001042824,210.646030102876,414.819318290097,NA,1398.46234265378,108.000439676738,NA,125.780321052978,197.746290894707,NA,NA,93.3606230684418,NA,NA,162.71755025267,144.796646274621,735.342845742496,NA,473.568989242174,222.375266487417,NA,NA,NA,NA,NA,NA,NA,NA,NA,116.281038982715,NA,NA,209.806063095651,NA,NA,NA,NA,NA,NA,NA,NA
cvsX.Eu153.Di_clust,NA,20.2459523547837,15.6854325178007,11.0773699067362,NA,26.5486490031779,22.7638242996587,NA,34.5802408041835,17.721775256082,NA,NA,41.662382423153,NA,NA,24.1752314221915,18.3883666139659,1.37329548735094,NA,13.2182121371352,30.8682620170554,NA,NA,NA,NA,NA,NA,NA,NA,NA,44.8768068282364,NA,NA,5.33406079967495,NA,NA,NA,NA,NA,NA,NA,NA
cvsX.Sm154.Di_clust,NA,57.2844456633199,45.107346871058,86.4992617490904,NA,102.401197297346,53.1929984983603,NA,123.963731626195,46.9329843411364,NA,NA,54.6401950821885,NA,NA,52.1426753799173,50.8770103862796,213.161522640807,NA,93.5608851100435,61.7004549416399,NA,NA,NA,NA,NA,NA,NA,NA,NA,32.521171280313,NA,NA,154.260084496934,NA,NA,NA,NA,NA,NA,NA,NA
cvsX.Gd155.Di_clust,NA,32.1396003908059,31.5887655950435,77.0253525955795,NA,41.297047826283,60.1106447481437,NA,24.5541408686481,40.2805117621979,NA,NA,20.978981027301,NA,NA,35.0612888689459,45.8291989184493,28.6030981628096,NA,113.479691270722,64.9229539209475,NA,NA,NA,NA,NA,NA,NA,NA,NA,12.9916675709321,NA,NA,21.8063250162989,NA,NA,NA,NA,NA,NA,NA,NA
cvsX.Gd156.Di_clust,NA,208.537321739671,203.909666518281,225.898943883115,NA,1211.40218326786,563.091300338312,NA,384.301812155774,172.490418058706,NA,NA,60.4460775928142,NA,NA,82.7634694200244,342.727030075122,96.110639282737,NA,182.258738363616,92.5782281691797,NA,NA,NA,NA,NA,NA,NA,NA,NA,300.91297303546,NA,NA,1194.98626510012,NA,NA,NA,NA,NA,NA,NA,NA
cvsX.Gd158.Di,NA,84.10519440882,129.899176726156,4182.72574172513,NA,412.005887590645,162.127201630886,NA,40.6792209746057,108.120483031925,NA,NA,1766.80894639675,NA,NA,104.705000035153,344.095346378635,12.5795112871496,NA,33.5667581949845,419.804241529237,NA,NA,NA,NA,NA,NA,NA,NA,NA,76.5336275156087,NA,NA,0.245904956614079,NA,NA,NA,NA,NA,NA,NA,NA
cvsX.Tb159.Di_clust,NA,180.265467861889,174.987667771164,982.134322229149,NA,163.132637111003,147.693368677095,NA,109.797034210118,10551.7880177965,NA,NA,115.009874096075,NA,NA,1563.55721445923,739.711222132162,541.745935973223,NA,82.7420012527625,57.5746794058242,NA,NA,NA,NA,NA,NA,NA,NA,NA,17.1241611721634,NA,NA,0.653553248714255,NA,NA,NA,NA,NA,NA,NA,NA
cvsX.Gd160.Di_clust,NA,1766.32562282834,295.288886049133,74.6053721736184,NA,462.380897355116,113.80395438335,NA,138.886020299602,211.819293416938,NA,NA,25.3006872925279,NA,NA,192.771636752415,150.410929126943,201.777481105214,NA,105.640197976832,181.530110955804,NA,NA,NA,NA,NA,NA,NA,NA,NA,116.525614792734,NA,NA,34.4292653070468,NA,NA,NA,NA,NA,NA,NA,NA
cvsX.Dy161.Di_clust,NA,72.5696851988579,49.1285903216605,40.1246670355172,NA,66.637841738952,53.665167975037,NA,50.3297326223246,55.8354775989863,NA,NA,125.313791820987,NA,NA,24.1980645650017,58.7477130563468,40.6486689398997,NA,92.3782183409198,43.0401763269155,NA,NA,NA,NA,NA,NA,NA,NA,NA,76.7147741223685,NA,NA,196.576668904394,NA,NA,NA,NA,NA,NA,NA,NA
cvsX.Dy162.Di_clust,NA,74.7557805373665,83.8703021463144,59.319661562899,NA,57.9959529792529,65.330169663521,NA,8.85230594439858,42.2953585328323,NA,NA,86.5621983294058,NA,NA,50.4496031554502,54.8762854981747,55.3893047873674,NA,53.7228996167077,26.5691123248713,NA,NA,NA,NA,NA,NA,NA,NA,NA,74.6849136588365,NA,NA,27.2357759639794,NA,NA,NA,NA,NA,NA,NA,NA
cvsX.Dy163.Di,NA,222.107828764986,657.029228059087,660.224504776328,NA,241.74221164918,619.057127876416,NA,248.581709208473,303.901350050651,NA,NA,100.916419890442,NA,NA,129.027099952748,202.197182530417,2208.88232183929,NA,325.608989345629,28.0910362413222,NA,NA,NA,NA,NA,NA,NA,NA,NA,152.49175251388,NA,NA,320.612138548003,NA,NA,NA,NA,NA,NA,NA,NA
cvsX.Dy164.Di_clust,NA,118.812601921665,83.2104458914863,117.224901266595,NA,101.161586864209,95.5421975677682,NA,65.685472834649,68.4182914121645,NA,NA,70.3953483189434,NA,NA,221.222503344848,79.104740361454,143.053615768899,NA,47.2186309238514,89.3290947396732,NA,NA,NA,NA,NA,NA,NA,NA,NA,92.577693805669,NA,NA,19.1278804446406,NA,NA,NA,NA,NA,NA,NA,NA
cvsX.Ho165.Di_clust,NA,116.99298401017,104.792329707724,126.677453729272,NA,159.584468910077,145.498903231394,NA,155.273107901298,168.607215845333,NA,NA,58.1149150880038,NA,NA,67.4222145102663,112.9163783629,49.5681057431448,NA,77.195236150506,80.5868266610199,NA,NA,NA,NA,NA,NA,NA,NA,NA,60.5602815530974,NA,NA,72.0964752133211,NA,NA,NA,NA,NA,NA,NA,NA
cvsX.Er166.Di_clust,NA,112.088252504529,119.20304946887,105.313843899785,NA,153.207143104064,135.836094236087,NA,169.154761596152,87.7017393789601,NA,NA,70.9284323875359,NA,NA,55.0931888540464,63.4961676706191,3172.60898791814,NA,146.239681007643,42.7562155620533,NA,NA,NA,NA,NA,NA,NA,NA,NA,76.9728152966265,NA,NA,67.3047024496098,NA,NA,NA,NA,NA,NA,NA,NA
cvsX.Er167.Di_clust,NA,35.4778125174248,17.6189825894496,53.5592273999461,NA,36.5098968164104,23.2924130049913,NA,9.12459183708896,22.4495492425938,NA,NA,13.4782961152303,NA,NA,50.7797388154372,16.3187622455114,43.1082112976412,NA,67.5486958571529,22.1134966939434,NA,NA,NA,NA,NA,NA,NA,NA,NA,1.20234340181885,NA,NA,50.0021110086114,NA,NA,NA,NA,NA,NA,NA,NA
cvsX.Er168.Di_clust,NA,60.4805763165349,106.003285385746,83.0770361819548,NA,52.0410414697098,28.748335425737,NA,16.8732993468738,45.163689980082,NA,NA,109.78891881021,NA,NA,38.4002355884974,108.436326820938,118.728618225568,NA,63.0352563409991,81.8340931832636,NA,NA,NA,NA,NA,NA,NA,NA,NA,18.4573259224639,NA,NA,144.682254663387,NA,NA,NA,NA,NA,NA,NA,NA
cvsX.Tm169.Di_clust,NA,68.284677548657,106.644122071936,79.1328241275897,NA,43.8999915534552,75.4707481032563,NA,91.166407253017,86.9045737056715,NA,NA,98.0948302679433,NA,NA,7.88861859104081,81.8472380171998,115.520564727747,NA,82.9299089252336,196.483413161966,NA,NA,NA,NA,NA,NA,NA,NA,NA,102.78558717344,NA,NA,33.6873292260996,NA,NA,NA,NA,NA,NA,NA,NA
cvsX.Er170.Di_clust,NA,117.005835375356,224.180455132495,196.986328270022,NA,321.47222525112,111.291707545144,NA,111.400919794634,188.066883762657,NA,NA,99.0777619092776,NA,NA,153.658027265404,139.98386630728,753.651153025365,NA,80.5276365029315,218.83510480667,NA,NA,NA,NA,NA,NA,NA,NA,NA,169.288726319343,NA,NA,957.134037235546,NA,NA,NA,NA,NA,NA,NA,NA
cvsX.Yb171.Di_clust,NA,36.6227711059304,33.7569008570559,16.0721089125827,NA,30.8847758834042,14.365496216563,NA,49.8099280286198,26.2663544491857,NA,NA,17.2953173734895,NA,NA,7.26986732873713,45.4206303684382,32.0519925478247,NA,37.5497718762498,23.5481961023231,NA,NA,NA,NA,NA,NA,NA,NA,NA,25.5288258241131,NA,NA,20.8585539240777,NA,NA,NA,NA,NA,NA,NA,NA
cvsX.Yb172.Di_clust,NA,12.782887027128,12.1932774036498,11.7472535160291,NA,12.4535395746906,10.838212669553,NA,8.05048006492322,12.0446835106769,NA,NA,6.49781406639593,NA,NA,16.1726855926437,12.1597953664439,15.6071484565959,NA,15.334212170007,15.2072839189405,NA,NA,NA,NA,NA,NA,NA,NA,NA,15.6177968505977,NA,NA,13.8430779455155,NA,NA,NA,NA,NA,NA,NA,NA
cvsX.Yb173.Di,NA,81.915487738875,79.4353171617777,78.7184911105536,NA,76.150150706212,126.481063512696,NA,13.3296716249938,70.597431587948,NA,NA,226.058247218224,NA,NA,389.2540667821,52.5075397548037,39.9526963027202,NA,164.914999922641,123.978524371424,NA,NA,NA,NA,NA,NA,NA,NA,NA,33.4533791770176,NA,NA,46.232791087326,NA,NA,NA,NA,NA,NA,NA,NA
cvsX.Yb174.Di_clust,NA,132.472583851261,169.203005541956,319.804431514186,NA,189.9478866999,2177.78769582479,NA,173.08471906918,185.356547283871,NA,NA,101.345642132414,NA,NA,48.9639953742757,164.882872498323,845.163141914515,NA,112.106952037776,205.726670134879,NA,NA,NA,NA,NA,NA,NA,NA,NA,37.2810863202058,NA,NA,153.019271798152,NA,NA,NA,NA,NA,NA,NA,NA
cvsX.Lu175.Di_clust,NA,162.029571529025,145.164946899939,131.777277705149,NA,110.094599284348,149.844052811547,NA,92.8957774569642,104.224121402514,NA,NA,162.175002272792,NA,NA,73.2958401043922,68.8396962469523,138.714326075131,NA,139.224022818324,158.29515414003,NA,NA,NA,NA,NA,NA,NA,NA,NA,89.6411633136274,NA,NA,66.9831731523132,NA,NA,NA,NA,NA,NA,NA,NA
cvsX.Lu176.Di_clust,NA,175.029440071029,137.718881887284,80.6499249300374,NA,84.1529302039424,107.653497226635,NA,2395.75207172312,166.630620980637,NA,NA,175.278118539798,NA,NA,27.7629174902128,147.771007224452,410.529621186328,NA,109.762652894358,147.566175845623,NA,NA,NA,NA,NA,NA,NA,NA,NA,122.05433947004,NA,NA,213.188813028613,NA,NA,NA,NA,NA,NA,NA,NA
cvsX.Ir191.Di,NA,3.52992409595542,10.1437006510498,4.36611156225768,NA,12.8282591257093,6.53783110388775,NA,6.62439830219479,7.14869318351234,NA,NA,10.8186533405661,NA,NA,34.9497546622751,15.6431854499997,8.58825037462698,NA,8.42709465381025,14.7237721281549,NA,NA,NA,NA,NA,NA,NA,NA,NA,15.2056580412758,NA,NA,3.89888176858613,NA,NA,NA,NA,NA,NA,NA,NA
cvsX.Ir193.Di,NA,4.87760800357481,10.1789701484351,5.65439491747726,NA,8.35676305996822,4.56905044619675,NA,3.51180912273356,5.47175635635987,NA,NA,8.11414750225538,NA,NA,22.2025071203238,11.9639248512635,3.81720963416032,NA,18.1635356237543,12.6600980847624,NA,NA,NA,NA,NA,NA,NA,NA,NA,9.05882729628487,NA,NA,5.06951784574663,NA,NA,NA,NA,NA,NA,NA,NA
cvsFileNum,NA,37.5103811289412,34.9347204459041,35.6884654384929,NA,35.8293737368375,35.7898978642197,NA,3.43790266131983,34.3459527003759,NA,NA,39.7207412088123,NA,NA,29.8093746976793,34.5611221588188,33.6761087446648,NA,37.7116049187079,42.4428870177737,NA,NA,NA,NA,NA,NA,NA,NA,NA,35.3884536794792,NA,NA,5.2709028869053,NA,NA,NA,NA,NA,NA,NA,NA
cvsdensity,NA,0.00673271001968021,1.20479415425021,0,NA,0.0165840095359484,0.0643427162743885,NA,0.0357696032423313,0.050227474441321,NA,NA,0.0260964661740902,NA,NA,0.010204442986982,0.291903580949057,0,NA,0.0119602667533973,0.00500400528289619,NA,NA,NA,NA,NA,NA,NA,NA,NA,0.0263132610031368,NA,NA,0.0113470646333302,NA,NA,NA,NA,NA,NA,NA,NA
percenttotal,0,0.048653908530652,0.128213347009424,0.193389592123769,0.00922253988748501,0.0940635451505017,0.126726650614624,0,0.0248169748107706,5.90703138110421,0,0,0.054002970163359,0,0,0.0132205182443152,0.0642850583157315,0.0327046767687779,0.0077930174563591,0.0203894382709756,0.0338552687261955,0,0,0,0,0,0,0,0,0,0.0892857142857143,0,0,0.0579710144927536,0,0,0,0.0217770034843206,0,0.00749119784253502,0.00653039900737935,0
